step,t_wall_s,t_task_s,control_dt_s,control_loop_hz_inst,vision_frame_available,vision_frame_id,vision_age_s,camera_dt_s,camera_hz_inst,hand_detected,microrobot_detected,dead_reckoning_used,dead_reckoning_age_s,hand_x_cm,hand_y_cm,robot_x_cm,robot_y_cm,microrobot_x_cm,microrobot_y_cm,distance_cm,in_zpd,virtual_hand_stride_cm,virtual_hand_smoothing_alpha,virtual_hand_delay_frames,virtual_hand_action_x,virtual_hand_action_y,virtual_hand_action_norm,virtual_hand_command_dx_cm,virtual_hand_command_dy_cm,virtual_hand_command_norm_cm,virtual_hand_delayed_dx_cm,virtual_hand_delayed_dy_cm,virtual_hand_delayed_norm_cm,virtual_hand_smoothed_dx_cm,virtual_hand_smoothed_dy_cm,virtual_hand_smoothed_norm_cm,virtual_hand_exec_dx_cm,virtual_hand_exec_dy_cm,virtual_hand_exec_norm_cm,virtual_hand_actual_dx_cm,virtual_hand_actual_dy_cm,virtual_hand_actual_norm_cm,virtual_hand_accel_clipped,virtual_hand_workspace_clipped,virtual_hand_policy_inference_ms,policy_inference_ms,action_x,action_y,action_norm,last_action_x,last_action_y,virtual_target_x_px,virtual_target_y_px,desired_target_x_px,desired_target_y_px,target_clipped,target_step_limited,robot_world_x,robot_world_y,robot_world_z,safety_stop,safety_reason,task_finished,done_reason
0,1787639623.9717872,2.998858690261841e-07,,,False,,,,,False,False,False,,7.172444820404053,9.48817253112793,7.500478744506836,5.000145435333252,,,4.499999523162842,True,0.152322427,0.558178210011,0,-1.0,-1.0,1.4142135381698608,-0.1523224264383316,-0.1523224264383316,0.21541644632816315,-0.1523224264383316,-0.1523224264383316,0.21541644632816315,-0.08502305299043655,-0.08502305299043655,0.12024075537919998,-0.08502305299043655,-0.08502305299043655,0.12024075537919998,-0.0850229263305664,-0.0850229263305664,0.12024057656526566,False,False,3.738200291991234,3.3785998821258545,0.4847285747528076,-0.5873360633850098,0.7615283727645874,0.0,0.0,797.8307495117188,487.08355712890625,797.8307495117188,487.08355712890625,False,False,-0.22706347624423745,-0.5227634789940693,0.11299257693079509,False,,False,caught
1,1787639624.0253825,0.05757610034197569,0.05757580045610666,17.368408117267208,True,1,0.016224400140345097,,,False,False,False,,7.087421894073486,9.403149604797363,7.523000240325928,4.970123767852783,,,4.454373836517334,True,0.152322427,0.558178210011,0,-1.0,-1.0,1.4142135381698608,-0.1523224264383316,-0.1523224264383316,0.21541644632816315,-0.1523224264383316,-0.1523224264383316,0.21541644632816315,-0.12258803844451904,-0.12258803844451904,0.17336566746234894,-0.12258803844451904,-0.12258803844451904,0.17336566746234894,-0.1225881576538086,-0.1225881576538086,0.17336583137512207,False,False,1.3630995526909828,1.9480995833873749,1.0,-1.0,1.4142135381698608,0.4847285747528076,-0.5873360633850098,831.795166015625,457.98895263671875,831.795166015625,457.98895263671875,False,False,-0.2253234251806936,-0.5221484128950736,0.11302473844455943,False,,False,caught
2,1787639624.0874708,0.11867750063538551,0.061101400293409824,16.366237028905807,True,3,0.012152300216257572,0.03562709968537092,28.06852112103351,False,False,False,,6.964833736419678,9.280561447143555,7.65318489074707,4.806140899658203,,,4.527059555053711,True,0.152322427,0.558178210011,0,0.039037108421325684,-1.0,1.00076162815094,0.005946226883679628,-0.1523224264383316,0.1524384468793869,0.005946226883679628,-0.1523224264383316,0.1524384468793869,-0.05084306374192238,-0.13918517529964447,0.1481807380914688,-0.05084306001663208,-0.13918517529964447,0.1481807380914688,-0.050843238830566406,-0.13918495178222656,0.14818058907985687,False,False,1.8566995859146118,2.150599844753742,0.7429530024528503,-1.0,1.2457845211029053,1.0,-1.0,829.3331909179688,440.8035583496094,829.3331909179688,440.8035583496094,False,False,-0.21552331167152128,-0.518988016124476,0.11297373553185118,False,,False,caught
3,1787639624.1468844,0.1801281999796629,0.06145069934427738,16.273207801875493,True,5,0.01433239970356226,0.029663999564945698,33.71089585578716,False,False,False,,6.913990497589111,9.141376495361328,7.817244052886963,4.643675804138184,,,4.587502479553223,True,0.152322427,0.558178210011,0,-0.14132654666900635,-1.0,1.0099371671676636,-0.021527202799916267,-0.1523224264383316,0.15383608639240265,-0.021527202799916267,-0.1523224264383316,0.15383608639240265,-0.034479666501283646,-0.14651799201965332,0.15052032470703125,-0.034479666501283646,-0.14651799201965332,0.15052032470703125,-0.034479618072509766,-0.14651775360107422,0.15052008628845215,False,False,1.12179946154356,1.5466995537281036,0.3618965744972229,-1.0,1.0634703636169434,0.7429530024528503,-1.0,822.720703125,423.7772521972656,822.720703125,423.7772521972656,False,False,-0.20443281524522863,-0.5168586832198074,0.11295536833506825,False,,False,caught
4,1787639624.2078059,0.24104609992355108,0.06091789994388819,16.415536335315327,True,6,0.005536999553442001,0.029598799534142017,33.785153983914334,False,False,False,,6.879510879516602,8.994858741760254,7.9621734619140625,4.463275909423828,,,4.659120082855225,True,0.152322427,0.558178210011,0,-0.9003145694732666,-1.0,1.345572829246521,-0.13713809847831726,-0.1523224264383316,0.2049609273672104,-0.13713809847831726,-0.1523224264383316,0.2049609273672104,-0.09178134053945541,-0.14975778758525848,0.1756451278924942,-0.09178134053945541,-0.14975778758525848,0.1756451278924942,-0.0917811393737793,-0.14975738525390625,0.1756446659564972,False,False,1.1879000812768936,1.7205998301506042,0.04608484357595444,-1.0,1.0010613203048706,0.3618965744972229,-1.0,818.1580200195312,404.8713073730469,818.1580200195312,404.8713073730469,False,False,-0.1934926870392914,-0.5134046373049838,0.11293011248175168,False,,False,caught
5,1787639624.2692864,0.3025464005768299,0.06150030065327883,16.260083111425992,True,7,0.009133400395512581,0.06954210065305233,14.379778445132548,False,False,False,,6.787729740142822,8.845101356506348,8.0217866897583,4.275189399719238,,,4.733602523803711,True,0.152322427,0.558178210011,0,1.0,-1.0,1.4142135381698608,0.1523224264383316,-0.1523224264383316,0.21541644632816315,0.1523224264383316,-0.1523224264383316,0.21541644632816315,0.04447214677929878,-0.15118911862373352,0.15759417414665222,0.044472143054008484,-0.15118911862373352,0.15759417414665222,0.04447221755981445,-0.15118885040283203,0.15759393572807312,False,False,1.2504002079367638,1.588200218975544,-0.2527197003364563,-1.0,1.0314394235610962,0.04608484357595444,-1.0,805.9038696289062,385.15985107421875,805.9038696289062,385.15985107421875,False,False,-0.18555942841265918,-0.507132865295099,0.11282947087427568,False,,False,caught
6,1787639624.3306174,0.36383969988673925,0.061293299309909344,16.314997091995814,False,,,,,False,False,False,,6.832201957702637,8.693912506103516,8.015957832336426,4.113961696624756,,,4.730457305908203,True,0.152322427,0.558178210011,0,-1.0,-1.0,1.4142135381698608,-0.1523224264383316,-0.1523224264383316,0.21541644632816315,-0.1523224264383316,-0.1523224264383316,0.21541644632816315,-0.06537425518035889,-0.1518215835094452,0.1652984768152237,-0.06537425518035889,-0.1518215835094452,0.1652984768152237,-0.06537437438964844,-0.15182113647460938,0.16529811918735504,False,False,1.676199957728386,2.3886999115347862,-0.2942436933517456,-1.0,1.0423911809921265,-0.2527197003364563,-1.0,802.7557373046875,368.26318359375,802.7557373046875,368.26318359375,False,False,-0.18093194197371845,-0.5000857013531974,0.1128539789183399,False,,False,caught
7,1787639624.3926733,0.42486600019037724,0.06102630030363798,16.386377594979106,True,8,0.04993420001119375,0.05790469981729984,17.269755359326393,False,False,False,,6.766827583312988,8.542091369628906,7.970499038696289,3.9278903007507324,,,4.768613815307617,True,0.152322427,0.558178210011,0,-0.424400269985199,-1.0,1.0863312482833862,-0.0646456778049469,-0.1523224264383316,0.165472611784935,-0.0646456778049469,-0.1523224264383316,0.165472611784935,-0.06496763229370117,-0.15210093557834625,0.16539494693279266,-0.06496763229370117,-0.15210093557834625,0.16539494693279266,-0.06496763229370117,-0.1521005630493164,0.1653946042060852,False,False,1.529100351035595,1.8808003515005112,-0.37164098024368286,-1.0,1.0668257474899292,-0.2942436933517456,-1.0,793.345458984375,348.7629089355469,793.345458984375,348.7629089355469,False,False,-0.1770727973446829,-0.49080427713509217,0.1128619349799777,False,,False,caught
8,1787639624.4541397,0.4863701006397605,0.06150410044938326,16.259078544250585,True,10,0.02001040056347847,0.06481750030070543,15.427932199803093,False,False,False,,6.701859951019287,8.38999080657959,7.904634475708008,3.7462024688720703,,,4.797023773193359,True,0.152322427,0.558178210011,0,0.2556490898132324,-1.0,1.0321611166000366,0.03894108906388283,-0.1523224264383316,0.15722127258777618,0.03894108906388283,-0.1523224264383316,0.15722127258777618,-0.006968047469854355,-0.15222439169883728,0.15238378942012787,-0.006968047469854355,-0.15222439169883728,0.15238378942012787,-0.006968021392822266,-0.15222454071044922,0.1523839384317398,False,False,1.756700687110424,1.9129002466797829,-0.4130827784538269,-1.0,1.0819599628448486,-0.37164098024368286,-1.0,784.0548095703125,329.7220153808594,784.0548095703125,329.7220153808594,False,False,-0.17412543314775447,-0.4810924457299193,0.1128450702087032,False,,False,caught
9,1787639624.5144682,0.5472427001222968,0.060872599482536316,16.427752527422278,True,11,0.04794880002737045,0.02659539971500635,37.60048770523851,False,False,False,,6.694891929626465,8.23776626586914,7.838284969329834,3.560635805130005,,,4.814862251281738,True,0.152322427,0.558178210011,0,-0.5346779227256775,-1.0,1.1339666843414307,-0.0814434364438057,-0.1523224264383316,0.1727285534143448,-0.0814434364438057,-0.1523224264383316,0.1727285534143448,-0.04853857308626175,-0.15227916836738586,0.1598278433084488,-0.04853857308626175,-0.15227916836738586,0.1598278433084488,-0.0485386848449707,-0.15227890014648438,0.15982761979103088,False,False,1.1888006702065468,1.5610996633768082,-0.42639797925949097,-0.8962743282318115,0.9925335645675659,-0.4130827784538269,-1.0,776.4424438476562,316.7969055175781,776.4424438476562,316.7969055175781,False,False,-0.1710713510294144,-0.4711733457907517,0.11285924351655767,False,,False,caught
10,1787639624.575462,0.6086931005120277,0.06145040038973093,16.273286970594118,True,12,0.030329500325024128,0.03273700084537268,30.54647567513346,False,False,False,,6.646353244781494,8.085487365722656,7.772854804992676,3.3959648609161377,,,4.822927474975586,True,0.152322427,0.558178210011,0,-0.6476773619651794,-1.0,1.1914218664169312,-0.09865579009056091,-0.1523224264383316,0.1814802587032318,-0.09865579009056091,-0.1523224264383316,0.1814802587032318,-0.07651295512914658,-0.15230318903923035,0.17044205963611603,-0.07651295512914658,-0.15230318903923035,0.17044205963611603,-0.07651281356811523,-0.15230321884155273,0.17044201493263245,False,False,1.1921003460884094,1.645299606025219,-0.4316614270210266,-0.8065717220306396,0.914816677570343,-0.42639797925949097,-0.8962743282318115,769.4190063476562,305.17987060546875,769.4190063476562,305.17987060546875,False,False,-0.16860870108628043,-0.46215857343379474,0.11283854196468646,False,,False,caught
11,1787639624.625811,0.6590324006974697,0.05033930018544197,19.86519471498728,True,13,0.014817200601100922,0.07907849922776222,12.645662345207082,False,False,False,,6.569840431213379,7.9331841468811035,7.709976673126221,3.262058734893799,,,4.808255672454834,True,0.152322427,0.558178210011,0,-0.04125127196311951,-1.0,1.0008504390716553,-0.006283493712544441,-0.1523224264383316,0.15245197713375092,-0.006283493712544441,-0.1523224264383316,0.15245197713375092,-0.0373123362660408,-0.1523139327764511,0.15681755542755127,-0.0373123362660408,-0.1523139327764511,0.15681755542755127,-0.03731250762939453,-0.1523137092590332,0.15681737661361694,False,False,1.1340994387865067,1.638900488615036,-0.42024919390678406,-0.7412541508674622,0.8520957231521606,-0.4316614270210266,-0.8065717220306396,763.6815185546875,295.2536926269531,763.6815185546875,295.2536926269531,False,False,-0.16697799807380947,-0.4545318512039239,0.11280973056603759,False,,False,caught
12,1787639624.682747,0.7159668002277613,0.05693439953029156,17.564073885910695,True,14,0.009070299565792084,0.06585460063070059,15.184967950953036,False,False,False,,6.532527923583984,7.78087043762207,7.627863883972168,3.1106977462768555,,,4.796902656555176,True,0.152322427,0.558178210011,0,-1.0,-1.0,1.4142135381698608,-0.1523224264383316,-0.1523224264383316,0.21541644632816315,-0.1523224264383316,-0.1523224264383316,0.21541644632816315,-0.10150852799415588,-0.1523185670375824,0.18304350972175598,-0.10150852799415588,-0.1523185670375824,0.18304350972175598,-0.10150861740112305,-0.15231847763061523,0.1830434799194336,False,False,1.1461004614830017,1.5635006129741669,-0.41214674711227417,-0.6735236048698425,0.789619505405426,-0.42024919390678406,-0.7412541508674622,755.7709350585938,283.64996337890625,755.7709350585938,283.64996337890625,False,False,-0.16556088090427204,-0.4455741865105705,0.11286265589921884,False,,False,caught
13,1787639624.744123,0.7773414002731442,0.06137460004538298,16.293385199423827,False,,,,,False,False,False,,6.431019306182861,7.628551959991455,7.561758041381836,2.9961602687835693,,,4.768398761749268,True,0.152322427,0.558178210011,0,-0.240282341837883,-1.0,1.0284627676010132,-0.03660038858652115,-0.1523224264383316,0.15665793418884277,-0.03660038858652115,-0.1523224264383316,0.15665793418884277,-0.06527825444936752,-0.15232068300247192,0.1657191663980484,-0.06527825444936752,-0.15232068300247192,0.1657191663980484,-0.0652780532836914,-0.15232086181640625,0.16571924090385437,False,False,1.4888998121023178,2.279999665915966,-0.36652639508247375,-0.6164491176605225,0.7171827554702759,-0.41214674711227417,-0.6735236048698425,751.8046264648438,275.23529052734375,751.8046264648438,275.23529052734375,False,False,-0.16464134454372523,-0.4386689620949834,0.11284225798395113,False,,False,caught
14,1787639624.807072,0.8382668001577258,0.060925399884581566,16.413515576334703,True,15,0.051539099775254726,0.06267999950796366,15.95405245453053,False,False,False,,6.36574125289917,7.476231098175049,7.48156213760376,2.868347406387329,,,4.74105978012085,True,0.152322427,0.558178210011,0,0.04708224534988403,-1.0,1.0011076927185059,0.007171682082116604,-0.1523224264383316,0.15249116718769073,0.007171682082116604,-0.1523224264383316,0.15249116718769073,-0.024838190525770187,-0.1523217260837555,0.15433354675769806,-0.024838190525770187,-0.1523217260837555,0.15433354675769806,-0.024837970733642578,-0.15232181549072266,0.15433360636234283,False,False,1.7264997586607933,2.379000186920166,-0.32646632194519043,-0.5639328360557556,0.6516137719154358,-0.36652639508247375,-0.6164491176605225,746.0538330078125,265.1427307128906,746.0538330078125,265.1427307128906,False,False,-0.16386434602099456,-0.4307652694473535,0.11289031351670445,False,,False,caught
15,1787639624.868553,0.8997386004775763,0.061471800319850445,16.26762181678093,True,16,0.04793450050055981,0.08001040015369654,12.4983751872137,False,False,False,,6.340903282165527,7.323909282684326,7.411181449890137,2.754697561264038,,,4.692887306213379,True,0.152322427,0.558178210011,0,0.2122594118118286,-1.0,1.022278904914856,0.03233186900615692,-0.1523224264383316,0.15571600198745728,0.03233186900615692,-0.1523224264383316,0.15571600198745728,0.007072987034916878,-0.15232214331626892,0.15248626470565796,0.0070729851722717285,-0.15232214331626892,0.15248626470565796,0.007072925567626953,-0.15232229232788086,0.1524864137172699,False,False,1.6569001600146294,2.104700542986393,-0.2643638849258423,-0.522941529750824,0.5859659314155579,-0.32646632194519043,-0.5639328360557556,742.6624145507812,255.8097381591797,742.6624145507812,255.8097381591797,False,False,-0.16313617570050493,-0.4237537544347269,0.11287096572600627,False,,False,caught
16,1787639624.9279122,0.9611456003040075,0.061406999826431274,16.284788425204454,True,17,0.046010700054466724,0.0648956997320056,15.409341514609093,False,False,False,,6.347976207733154,7.171586990356445,7.359857559204102,2.6650021076202393,,,4.618789196014404,True,0.152322427,0.558178210011,0,-1.0,-1.0,1.4142135381698608,-0.1523224264383316,-0.1523224264383316,0.21541644632816315,-0.1523224264383316,-0.1523224264383316,0.21541644632816315,-0.08189807832241058,-0.15232235193252563,0.1729433238506317,-0.08189807832241058,-0.15232235193252563,0.1729433238506317,-0.08189821243286133,-0.15232229232788086,0.1729433387517929,False,False,1.1563999578356743,1.608399674296379,-0.18858379125595093,-0.49605298042297363,0.5306904911994934,-0.2643638849258423,-0.522941529750824,742.0628051757812,248.1004180908203,742.0628051757812,248.1004180908203,False,False,-0.16239583818146,-0.4183352784340625,0.11286720979862908,False,,False,caught
17,1787639624.978769,1.0120056001469493,0.05085999984294176,19.66181681258455,True,18,0.016669499687850475,0.06333150062710047,15.789930604803725,False,False,False,,6.266077995300293,7.0192646980285645,7.314218521118164,2.577129602432251,,,4.564116954803467,True,0.152322427,0.558178210011,0,-0.4656648635864258,-1.0,1.1031063795089722,-0.07093120366334915,-0.1523224264383316,0.1680278480052948,-0.07093120366334915,-0.1523224264383316,0.1680278480052948,-0.07577666640281677,-0.15232235193252563,0.1701299548149109,-0.07577666640281677,-0.15232235193252563,0.1701299548149109,-0.07577657699584961,-0.15232229232788086,0.17012986540794373,False,False,1.1998005211353302,1.620899885892868,-0.10469365864992142,-0.47439128160476685,0.4858063757419586,-0.18858379125595093,-0.49605298042297363,742.5436401367188,240.25344848632812,742.5436401367188,240.25344848632812,False,False,-0.1614882940008655,-0.41315521165628144,0.11288899355964913,False,,False,caught
18,1787639625.0351799,1.0683989003300667,0.05639330018311739,17.73260292894461,True,19,0.008189599961042404,0.0802012998610735,12.468625841878158,False,False,False,,6.190301418304443,6.866942405700684,7.28055477142334,2.4954261779785156,,,4.505419731140137,True,0.152322427,0.558178210011,0,-1.0,-1.0,1.4142135381698608,-0.1523224264383316,-0.1523224264383316,0.21541644632816315,-0.1523224264383316,-0.1523224264383316,0.21541644632816315,-0.11850279569625854,-0.15232235193252563,0.19298967719078064,-0.11850279569625854,-0.15232235193252563,0.19298967719078064,-0.11850261688232422,-0.15232229232788086,0.1929895132780075,False,False,1.1285999789834023,1.6130004078149796,-0.00465712696313858,-0.44210362434387207,0.44212815165519714,-0.10469365864992142,-0.47439128160476685,745.2427368164062,233.72119140625,745.2427368164062,233.72119140625,False,False,-0.160300495695467,-0.4085870631963497,0.11289312611409885,False,,False,caught
19,1787639625.096105,1.1293318001553416,0.060932899825274944,16.411495314805293,True,20,0.006602199748158455,0.06487249955534935,15.414852315761287,False,False,False,,6.071798801422119,6.714620113372803,7.262819766998291,2.4192605018615723,,,4.457425594329834,True,0.152322427,0.558178210011,0,-0.2269076406955719,-1.0,1.0254204273223877,-0.03456312417984009,-0.1523224264383316,0.1561945229768753,-0.03456312417984009,-0.1523224264383316,0.1561945229768753,-0.07164941728115082,-0.15232235193252563,0.16833223402500153,-0.07164941728115082,-0.15232235193252563,0.16833223402500153,-0.07164955139160156,-0.15232229232788086,0.16833223402500153,False,False,1.134699210524559,1.5990007668733597,0.10003329068422318,-0.4029662013053894,0.41519683599472046,-0.00465712696313858,-0.44210362434387207,749.8587646484375,228.19998168945312,749.8587646484375,228.19998168945312,False,False,-0.15865781014781544,-0.4047185645736988,0.1129012276122492,False,,False,caught
20,1787639625.1575286,1.190731200389564,0.06139940023422241,16.286804043447745,False,,,,,False,False,False,,6.000149250030518,6.562297821044922,7.260463714599609,2.3320531845092773,,,4.41399621963501,True,0.152322427,0.558178210011,0,0.33504700660705566,-1.0,1.054635763168335,0.05103517323732376,-0.1523224264383316,0.16064466536045074,0.05103517323732376,-0.1523224264383316,0.16064466536045074,-0.003169611096382141,-0.15232235193252563,0.15235532820224762,-0.003169611096382141,-0.15232235193252563,0.15235532820224762,-0.003169536590576172,-0.15232229232788086,0.15235525369644165,False,False,1.5682000666856766,2.09250021725893,0.20526742935180664,-0.3658059537410736,0.4194624125957489,0.10003329068422318,-0.4029662013053894,756.0830688476562,221.3972930908203,756.0830688476562,221.3972930908203,False,False,-0.15607124736320616,-0.4008029254215707,0.1129124812336702,False,,False,caught
21,1787639625.220203,1.2521111005917192,0.06137990020215511,16.291978264977512,True,21,0.04423670005053282,0.06252120062708855,15.994574479856201,False,False,False,,5.996979713439941,6.409975528717041,7.280856132507324,2.2590553760528564,,,4.344936847686768,True,0.152322427,0.558178210011,0,0.5480656027793884,-1.0,1.1403403282165527,0.08348268270492554,-0.1523224264383316,0.17369939386844635,0.08348268270492554,-0.1523224264383316,0.17369939386844635,0.04519784078001976,-0.15232235193252563,0.15888658165931702,0.04519784078001976,-0.15232235193252563,0.15888658165931702,0.04519796371459961,-0.15232229232788086,0.15888655185699463,False,False,1.8374994397163391,2.345999702811241,0.3192083239555359,-0.3406239449977875,0.46681755781173706,0.20526742935180664,-0.3658059537410736,765.1718139648438,215.33056640625,765.1718139648438,215.33056640625,False,False,-0.15302588461041183,-0.3981680406607181,0.11295273223196642,False,,False,caught
22,1787639625.2821357,1.3133335998281837,0.0612224992364645,16.333864387626857,True,22,0.04437220003455877,0.08535949978977442,11.715157685586558,False,False,False,,6.042177677154541,6.25765323638916,7.31323766708374,2.200448989868164,,,4.251646518707275,True,0.152322427,0.558178210011,0,-0.7742539048194885,-1.0,1.264701247215271,-0.11793623119592667,-0.1523224264383316,0.19264234602451324,-0.11793623119592667,-0.1523224264383316,0.19264234602451324,-0.045859988778829575,-0.15232235193252563,0.15907619893550873,-0.04585999250411987,-0.15232235193252563,0.15907619893550873,-0.04585981369018555,-0.15232229232788086,0.15907609462738037,False,False,1.5858002007007599,2.1564997732639313,0.43429034948349,-0.34075742959976196,0.552017867565155,0.3192083239555359,-0.3406239449977875,775.558349609375,209.1802215576172,775.558349609375,209.1802215576172,False,False,-0.149949040255009,-0.39651333333690414,0.11297953932159562,False,,False,caught
23,1787639625.3422923,1.3743871003389359,0.0610535005107522,16.379077229550315,True,23,0.04271849989891052,0.06086330022662878,16.430262510846926,False,False,False,,5.9963178634643555,6.105330944061279,7.373855113983154,2.135864496231079,,,4.2016987800598145,True,0.152322427,0.558178210011,0,-0.12580496072769165,-1.0,1.0078823566436768,-0.019162917509675026,-0.1523224264383316,0.15352308750152588,-0.019162917509675026,-0.1523224264383316,0.15352308750152588,-0.030958186835050583,-0.15232235193252563,0.15543650090694427,-0.030958186835050583,-0.15232235193252563,0.15543650090694427,-0.030958175659179688,-0.15232229232788086,0.1554364413022995,False,False,1.2189000844955444,1.6820002347230911,0.5192439556121826,-0.30054324865341187,0.5999504327774048,0.43429034948349,-0.34075742959976196,786.985107421875,204.9404296875,786.985107421875,204.9404296875,False,False,-0.1455733631145749,-0.39540980619570704,0.11296914994443052,False,,False,caught
24,1787639625.3911598,1.4243991002440453,0.050011999905109406,19.99520118966161,True,24,0.012044000439345837,0.06270569935441017,15.947513707614341,False,False,False,,5.965359687805176,5.953008651733398,7.4344868659973145,2.0895485877990723,,,4.133359432220459,True,0.152322427,0.558178210011,0,1.0,-1.0,1.4142135381698608,0.1523224264383316,-0.1523224264383316,0.21541644632816315,0.1523224264383316,-0.1523224264383316,0.21541644632816315,0.07134505361318588,-0.15232235193252563,0.16820290684700012,0.07134505361318588,-0.15232235193252563,0.16820290684700012,0.07134485244750977,-0.15232229232788086,0.16820275783538818,False,False,1.1256001889705658,1.5966007485985756,0.5911028981208801,-0.26795676350593567,0.6490018963813782,0.5192439556121826,-0.30054324865341187,797.6088256835938,202.13555908203125,797.6088256835938,202.13555908203125,False,False,-0.14175539659551262,-0.39511484967959865,0.11296740585873721,False,,False,caught
25,1787639625.4484842,1.4816947998479009,0.05729569960385561,17.453316861719703,True,25,0.006501100026071072,0.08069850038737059,12.3918040013108,False,False,False,,6.0367045402526855,5.800686359405518,7.513617515563965,2.036771535873413,,,4.043306350708008,True,0.152322427,0.558178210011,0,0.626620352268219,-1.0,1.1801072359085083,0.0954483300447464,-0.1523224264383316,0.1797567903995514,0.0954483300447464,-0.1523224264383316,0.1797567903995514,0.0847988873720169,-0.15232235193252563,0.17433573305606842,0.0847988873720169,-0.15232235193252563,0.17433573305606842,0.08479881286621094,-0.15232229232788086,0.17433564364910126,False,False,1.1206995695829391,1.652199774980545,0.7043393850326538,-0.25885191559791565,0.7503987550735474,0.5911028981208801,-0.26795676350593567,812.6690063476562,197.1770477294922,812.6690063476562,197.1770477294922,False,False,-0.1370027148799997,-0.3950696290353071,0.11296880200682638,False,,False,caught
26,1787639625.5094614,1.542683900333941,0.060989100486040115,16.396372335887975,True,26,0.0018514003604650497,0.06284589972347021,15.91193704601453,False,False,False,,6.1215033531188965,5.648364067077637,7.618686199188232,1.9852375984191895,,,3.957278251647949,True,0.152322427,0.558178210011,0,1.0,-1.0,1.4142135381698608,0.1523224264383316,-0.1523224264383316,0.21541644632816315,0.1523224264383316,-0.1523224264383316,0.21541644632816315,0.12248902022838593,-0.15232235193252563,0.1954626888036728,0.12248902022838593,-0.15232235193252563,0.1954626888036728,0.12248897552490234,-0.15232229232788086,0.19546261429786682,False,False,1.2280000373721123,1.6435999423265457,0.7991853356361389,-0.24705858528614044,0.8365017175674438,0.7043393850326538,-0.25885191559791565,829.2553100585938,192.51785278320312,829.2553100585938,192.51785278320312,False,False,-0.1312569923784244,-0.3958330373542338,0.11298029469792784,False,,False,caught
27,1787639625.5718768,1.6040479000657797,0.0613639997318387,16.2961997974384,False,,,,,False,False,False,,6.243992328643799,5.496041774749756,7.730643272399902,1.9479739665985107,,,3.846935987472534,True,0.152322427,0.558178210011,0,1.0,-1.0,1.4142135381698608,0.1523224264383316,-0.1523224264383316,0.21541644632816315,0.1523224264383316,-0.1523224264383316,0.21541644632816315,0.13914135098457336,-0.15232235193252563,0.2063066065311432,0.13914135098457336,-0.15232235193252563,0.2063066065311432,0.13914155960083008,-0.15232229232788086,0.20630669593811035,False,False,1.7747003585100174,2.193799242377281,0.8740704655647278,-0.24996276199817657,0.9091097712516785,0.7991853356361389,-0.24705858528614044,845.3208618164062,188.4300079345703,845.3208618164062,188.4300079345703,False,False,-0.12567331859909586,-0.39743230293572807,0.11301558338245078,False,,False,caught
28,1787639625.634338,1.6654863003641367,0.06143840029835701,16.276465453914856,True,27,0.04584810044616461,0.06562890019267797,15.237189668943547,False,False,False,,6.383133888244629,5.343719482421875,7.87924337387085,1.9015196561813354,,,3.7532761096954346,True,0.152322427,0.558178210011,0,1.0,-1.0,1.4142135381698608,0.1523224264383316,-0.1523224264383316,0.21541644632816315,0.1523224264383316,-0.1523224264383316,0.21541644632816315,0.14649882912635803,-0.15232235193252563,0.211338609457016,0.14649882912635803,-0.15232235193252563,0.211338609457016,0.1464986801147461,-0.15232229232788086,0.21133846044540405,False,False,1.8936004489660263,2.2729001939296722,0.9469335079193115,-0.24310408532619476,0.9776414036750793,0.8740704655647278,-0.24996276199817657,865.0142211914062,183.9928741455078,865.0142211914062,183.9928741455078,False,False,-0.1183418056451688,-0.39969269932182555,0.11299766663769069,False,,False,caught
29,1787639625.6943765,1.7267556004226208,0.06126930005848408,16.32138769408919,True,28,0.04086699988692999,0.07901510037481785,12.655808766379806,False,False,False,,6.529632568359375,5.191397190093994,8.039469718933105,1.854885458946228,,,3.662228584289551,True,0.152322427,0.558178210011,0,-0.009325623512268066,-1.0,1.000043511390686,-0.0014205016195774078,-0.1523224264383316,0.15232904255390167,-0.0014205016195774078,-0.1523224264383316,0.15232904255390167,0.06393341720104218,-0.15232235193252563,0.16519558429718018,0.06393341720104218,-0.15232235193252563,0.16519558429718018,0.0639333724975586,-0.15232229232788086,0.1651955097913742,False,False,1.4423001557588577,1.9628005102276802,0.9793084263801575,-0.235049769282341,1.0071213245391846,0.9469335079193115,-0.24310408532619476,883.410400390625,179.61207580566406,883.410400390625,179.61207580566406,False,False,-0.11052740833110969,-0.4022891333716843,0.11298567141653941,False,,False,caught
30,1787639625.7548084,1.78802639991045,0.06127079948782921,16.32098827433514,True,29,0.03891099989414215,0.06604249961674213,15.141764860554954,False,False,False,,6.593565940856934,5.039074897766113,8.212149620056152,1.8090016841888428,,,3.612919330596924,True,0.152322427,0.558178210011,0,1.0,-1.0,1.4142135381698608,0.1523224264383316,-0.1523224264383316,0.21541644632816315,0.1523224264383316,-0.1523224264383316,0.21541644632816315,0.11327020823955536,-0.15232235193252563,0.18982158601284027,0.11327020823955536,-0.15232235193252563,0.18982158601284027,0.11327028274536133,-0.15232229232788086,0.18982158601284027,False,False,1.15130003541708,1.6238000243902206,0.9894834756851196,-0.2038559764623642,1.0102647542953491,0.9793084263801575,-0.235049769282341,901.7179565429688,176.76490783691406,901.7179565429688,176.76490783691406,False,False,-0.10222364168464478,-0.40528867298718774,0.11299412273760213,False,,False,caught
31,1787639625.8162403,1.8490247000008821,0.06099830009043217,16.393899477812727,True,30,0.020884799771010876,0.0632285000756383,15.815652732608413,False,False,False,,6.706836223602295,4.886752605438232,8.37230396270752,1.7706633806228638,,,3.5332415103912354,True,0.152322427,0.558178210011,0,0.8266688585281372,-1.0,1.2974518537521362,0.12592020630836487,-0.1523224264383316,0.19763103127479553,0.12592020630836487,-0.1523224264383316,0.19763103127479553,0.12033118307590485,-0.15232235193252563,0.1941177248954773,0.12033118307590485,-0.15232235193252563,0.1941177248954773,0.1203312873840332,-0.15232229232788086,0.1941177397966385,False,False,1.1921999976038933,1.6585001721978188,1.0,-0.1950204223394394,1.0188390016555786,0.9894834756851196,-0.2038559764623642,918.763916015625,173.30264282226562,918.763916015625,173.30264282226562,False,False,-0.09463795582867018,-0.40826476088699803,0.11300910119600965,False,,False,caught
32,1787639625.8773828,1.910563200712204,0.06153850071132183,16.249989655923162,True,31,0.020014300011098385,0.07901979982852936,12.655056102014566,False,False,False,,6.827167510986328,4.734430313110352,8.557098388671875,1.731261968612671,,,3.465787172317505,False,0.152322427,0.558178210011,0,1.0,-1.0,1.4142135381698608,0.1523224264383316,-0.1523224264383316,0.21541644632816315,0.1523224264383316,-0.1523224264383316,0.21541644632816315,0.13818803429603577,-0.15232235193252563,0.20566485822200775,0.13818803429603577,-0.15232235193252563,0.20566485822200775,0.13818788528442383,-0.15232229232788086,0.2056647092103958,False,False,1.1172005906701088,1.6672993078827858,1.0,-0.18195688724517822,1.0164194107055664,1.0,-0.1950204223394394,937.6868896484375,169.9947967529297,937.6868896484375,169.9947967529297,False,False,-0.08601859158861583,-0.4119219659921014,0.11298986072357631,False,,False,caught
33,1787639625.9388843,1.972031400538981,0.06146819982677698,16.26857469094738,True,32,0.017114000394940376,0.06241250038146973,16.02243130603529,False,False,False,,6.965355396270752,4.582108020782471,8.73580265045166,1.696285605430603,,,3.385624647140503,False,0.152322427,0.558178210011,0,1.0,-1.0,1.4142135381698608,0.1523224264383316,-0.1523224264383316,0.21541644632816315,0.1523224264383316,-0.1523224264383316,0.21541644632816315,0.1460774689912796,-0.15232235193252563,0.2110467404127121,0.1460774689912796,-0.15232235193252563,0.2110467404127121,0.14607763290405273,-0.15232229232788086,0.21104681491851807,False,False,1.154700294137001,1.6302000731229782,1.0,-0.17375925183296204,1.014983892440796,1.0,-0.18195688724517822,955.9862060546875,166.84475708007812,955.9862060546875,166.84475708007812,False,False,-0.07776348743037044,-0.41560619304664254,0.11301299523052906,False,,False,caught
34,1787639625.9987845,2.0329980002716184,0.060966599732637405,16.402423694045503,False,,,,,False,False,False,,7.111433029174805,4.42978572845459,8.895002365112305,1.6663435697555542,,,3.289031982421875,False,0.152322427,0.558178210011,0,-0.2328948974609375,-1.0,1.0267618894577026,-0.03547511622309685,-0.1523224264383316,0.15639886260032654,-0.03547511622309685,-0.1523224264383316,0.15639886260032654,0.04473884403705597,-0.15232235193252563,0.15875661373138428,0.04473884403705597,-0.15232235193252563,0.15875661373138428,0.04473876953125,-0.15232229232788086,0.1587565392255783,False,False,1.1532995849847794,2.211599610745907,1.0,-0.1798602193593979,1.016046166419983,1.0,-0.17375925183296204,972.2882690429688,163.3231964111328,972.2882690429688,163.3231964111328,False,False,-0.07043272491410113,-0.41894949966377193,0.113007473633498,False,,False,caught
35,1787639626.0612192,2.094424800015986,0.0614267997443676,16.279539291670375,True,33,0.057075600139796734,0.06436830013990402,15.535597457545212,False,False,False,,7.156171798706055,4.277463436126709,9.080799102783203,1.6316522359848022,,,3.2717740535736084,False,0.152322427,0.558178210011,0,1.0,-0.877588152885437,1.3304738998413086,0.1523224264383316,-0.13367635011672974,0.20266102254390717,0.1523224264383316,-0.13367635011672974,0.20266102254390717,0.1047896146774292,-0.14191453158855438,0.17641031742095947,0.1047896146774292,-0.14191453158855438,0.17641031742095947,0.10478973388671875,-0.14191436767578125,0.1764102429151535,False,False,1.1740000918507576,1.783600077033043,0.9846684336662292,-0.14154236018657684,0.9947895407676697,1.0,-0.1798602193593979,990.3718872070312,162.0969696044922,990.3718872070312,162.0969696044922,False,False,-0.06186712931018395,-0.4228709115045865,0.11299982245453023,False,,False,caught
36,1787639626.1237073,2.155877400189638,0.06145260017365217,16.272704444957732,True,35,0.0315054003149271,0.061443899758160114,16.275008649124587,False,False,False,,7.260961532592773,4.135549068450928,9.262931823730469,1.6002219915390015,,,3.2304439544677734,False,0.152322427,0.558178210011,0,1.0,-1.0,1.4142135381698608,0.1523224264383316,-0.1523224264383316,0.21541644632816315,0.1523224264383316,-0.1523224264383316,0.21541644632816315,0.13132144510746002,-0.14772391319274902,0.19765545427799225,0.13132144510746002,-0.14772391319274902,0.19765545427799225,0.13132143020629883,-0.14772391319274902,0.19765543937683105,False,False,1.5332996845245361,1.9678007811307907,0.9676579833030701,-0.12133553624153137,0.9752354621887207,0.9846684336662292,-0.14154236018657684,1007.9771728515625,160.0736846923828,1007.9771728515625,160.0736846923828,False,False,-0.05353426180845996,-0.42683866628362327,0.11300392858339892,False,,False,caught
37,1787639626.1856847,2.2168471002951264,0.0609697001054883,16.401589613690476,True,36,0.053082000464200974,0.025581900030374527,39.09013790268337,False,False,False,,7.392282962799072,3.9878251552581787,9.42115592956543,1.577093243598938,,,3.1508655548095703,False,0.152322427,0.558178210011,0,1.0,-1.0,1.4142135381698608,0.1523224264383316,-0.1523224264383316,0.21541644632816315,0.1523224264383316,-0.1523224264383316,0.21541644632816315,0.14304372668266296,-0.15029069781303406,0.20748203992843628,0.14304372668266296,-0.15029069781303406,0.20748203992843628,0.14304351806640625,-0.15029072761535645,0.20748193562030792,False,False,2.2078994661569595,1.670599915087223,0.9508376717567444,-0.12078610062599182,0.9584787487983704,0.9676579833030701,-0.12133553624153137,1023.1458129882812,157.68435668945312,1023.1458129882812,157.68435668945312,False,False,-0.04641503849236298,-0.43047896875841957,0.11299155654908928,False,,False,caught
38,1787639626.2471006,2.2782645002007484,0.061417399905622005,16.28203085016079,True,37,0.03298989962786436,0.03913179971277714,25.55466416929157,False,False,False,,7.5353264808654785,3.8375344276428223,9.600510597229004,1.5581157207489014,,,3.0758309364318848,False,0.152322427,0.558178210011,0,1.0,-1.0,1.4142135381698608,0.1523224264383316,-0.1523224264383316,0.21541644632816315,0.1523224264383316,-0.1523224264383316,0.21541644632816315,0.14822280406951904,-0.15142476558685303,0.2118949294090271,0.14822280406951904,-0.15142476558685303,0.2118949294090271,0.1482229232788086,-0.15142488479614258,0.21189509332180023,False,False,1.3861004263162613,1.8392996862530708,0.9555929899215698,-0.11825399100780487,0.9628821015357971,0.9508376717567444,-0.12078610062599182,1041.803955078125,155.85470581054688,1041.803955078125,155.85470581054688,False,False,-0.03856346127600249,-0.43493656380809864,0.11298179673106692,False,,False,caught
39,1787639626.3069766,2.339137500151992,0.0608729999512434,16.42764445322156,True,38,0.03226600028574467,0.08151639997959137,12.267470107246668,False,False,False,,7.683549404144287,3.6861095428466797,9.774043083190918,1.5336105823516846,,,3.0005693435668945,False,0.152322427,0.558178210011,0,1.0,-1.0,1.4142135381698608,0.1523224264383316,-0.1523224264383316,0.21541644632816315,0.1523224264383316,-0.1523224264383316,0.21541644632816315,0.15051117539405823,-0.15192586183547974,0.21385762095451355,0.15051117539405823,-0.15192586183547974,0.21385762095451355,0.1505112648010254,-0.15192580223083496,0.21385763585567474,False,False,1.394800841808319,1.9712001085281372,0.9496484398841858,-0.10828649997711182,0.955802321434021,0.9555929899215698,-0.11825399100780487,1059.2083740234375,153.913330078125,1059.2083740234375,153.913330078125,False,False,-0.03075278175264505,-0.4389835792330352,0.1129844115991996,False,,False,caught
40,1787639626.3673618,2.40055900067091,0.06142150051891804,16.280943831582174,True,39,0.03082050010561943,0.06160179991275072,16.233291907319966,False,False,False,,7.8340606689453125,3.5341837406158447,9.924996376037598,1.5130220651626587,,,2.9081103801727295,False,0.152322427,0.558178210011,0,1.0,-1.0,1.4142135381698608,0.1523224264383316,-0.1523224264383316,0.21541644632816315,0.1523224264383316,-0.1523224264383316,0.21541644632816315,0.1515222191810608,-0.15214717388153076,0.21472714841365814,0.1515222191810608,-0.15214717388153076,0.21472714841365814,0.15152215957641602,-0.1521470546722412,0.2147270143032074,False,False,1.1341003701090813,1.569400541484356,0.9294150471687317,-0.10482054948806763,0.9353072643280029,0.9496484398841858,-0.10828649997711182,1073.4228515625,151.97360229492188,1073.4228515625,151.97360229492188,False,False,-0.023969384378913355,-0.4425431320458884,0.11300038341815005,False,,False,caught
41,1787639626.4287422,2.4619366005063057,0.06137759983539581,16.292588870888213,True,40,0.011281600221991539,0.06286510080099106,15.907077015046083,False,False,False,,7.9855828285217285,3.3820366859436035,10.103032112121582,1.4905778169631958,,,2.839226722717285,False,0.152322427,0.558178210011,0,1.0,-0.6484280824661255,1.1918301582336426,0.1523224264383316,-0.0987701416015625,0.18154245615005493,0.1523224264383316,-0.0987701416015625,0.18154245615005493,0.1519688367843628,-0.1223532184958458,0.19510212540626526,0.1519688367843628,-0.1223532184958458,0.19510212540626526,0.15196847915649414,-0.12235331535339355,0.19510190188884735,False,False,1.1180993169546127,1.598600298166275,0.9105535745620728,-0.08171822130680084,0.9142131805419922,0.9294150471687317,-0.10482054948806763,1090.494873046875,151.07412719726562,1090.494873046875,151.07412719726562,False,False,-0.016013855425282376,-0.4468312414356677,0.11292785017320404,False,,False,caught
42,1787639626.4886444,2.522845500148833,0.0609088996425271,16.417962003401414,True,41,0.007236000150442123,0.08091599959880114,12.358495290896908,False,False,False,,8.137551307678223,3.25968337059021,10.255027770996094,1.4730596542358398,,,2.7705109119415283,False,0.152322427,0.558178210011,0,1.0,-1.0,1.4142135381698608,0.1523224264383316,-0.1523224264383316,0.21541644632816315,0.1523224264383316,-0.1523224264383316,0.21541644632816315,0.15216603875160217,-0.1390814185142517,0.20615077018737793,0.15216603875160217,-0.1390814185142517,0.20615077018737793,0.15216636657714844,-0.13908147811889648,0.2061510682106018,False,False,1.1066002771258354,1.513599418103695,0.852794349193573,-0.06355781853199005,0.8551595211029053,0.9105535745620728,-0.08171822130680084,1102.510498046875,150.38014221191406,1102.510498046875,150.38014221191406,False,False,-0.009263089133314212,-0.45057237487602797,0.11291410040557179,False,,False,caught
43,1787639626.551036,2.584219600073993,0.06137409992516041,16.293517969622368,False,,,,,False,False,False,,8.289717674255371,3.1206018924713135,10.41760540008545,1.4568811655044556,,,2.701087236404419,False,0.152322427,0.558178210011,0,1.0,-1.0,1.4142135381698608,0.1523224264383316,-0.1523224264383316,0.21541644632816315,0.1523224264383316,-0.1523224264383316,0.21541644632816315,0.15225347876548767,-0.1464722752571106,0.21127057075500488,0.15225347876548767,-0.1464722752571106,0.21127057075500488,0.1522531509399414,-0.14647221565246582,0.2112702876329422,False,False,1.6278000548481941,2.0826999098062515,0.798770010471344,-0.041832078248262405,0.799864649772644,0.852794349193573,-0.06355781853199005,1115.83935546875,150.05075073242188,1115.83935546875,150.05075073242188,False,False,-0.0021137713309381375,-0.4546951512021025,0.11294031608035593,False,,False,caught
44,1787639626.6134825,2.6451259003952146,0.06090630032122135,16.418662678999954,True,42,0.0491645997390151,0.06495499983429909,15.395273690262657,False,False,False,,8.441970825195312,2.9741296768188477,10.57357120513916,1.4460487365722656,,,2.622737407684326,False,0.152322427,0.558178210011,0,-0.5613892078399658,-1.0,1.146803379058838,-0.08551216870546341,-0.1523224264383316,0.17468386888504028,-0.08551216870546341,-0.1523224264383316,0.17468386888504028,0.019537732005119324,-0.1497376710176468,0.15100692212581635,0.019537732005119324,-0.1497376710176468,0.15100692212581635,0.019537925720214844,-0.14973759651184082,0.15100687742233276,False,False,1.4996007084846497,1.985800452530384,0.7340019345283508,-0.016978714615106583,0.734198272228241,0.798770010471344,-0.041832078248262405,1127.8306884765625,150.47828674316406,1127.8306884765625,150.47828674316406,False,False,0.004602261636632712,-0.4588663733536786,0.1129659672376233,False,,False,caught
45,1787639626.6764972,2.706624200567603,0.061498300172388554,16.26061203637916,True,43,0.04704179987311363,0.0805908003821969,12.408364171314364,False,False,False,,8.461508750915527,2.824392080307007,10.714814186096191,1.4389445781707764,,,2.645155906677246,False,0.152322427,0.558178210011,0,0.8567314147949219,-1.0,1.3168100118637085,0.13049940764904022,-0.1523224264383316,0.2005797028541565,0.13049940764904022,-0.1523224264383316,0.2005797028541565,0.0814741998910904,-0.15118038654327393,0.17173688113689423,0.0814741998910904,-0.15118038654327393,0.17173688113689423,0.08147430419921875,-0.15118050575256348,0.17173703014850616,False,False,2.2753002122044563,2.7703000232577324,0.665754497051239,-0.0005660317838191986,0.6657547354698181,0.7340019345283508,-0.016978714615106583,1138.10107421875,150.7657928466797,1138.10107421875,150.7657928466797,False,False,0.010604320359496416,-0.4627704084541148,0.11296081917904263,False,,False,caught
46,1787639626.7347982,2.7679956005886197,0.0613714000210166,16.294234768272364,True,44,0.0430761007592082,0.06337729934602976,15.778520232302144,False,False,False,,8.542983055114746,2.6732115745544434,10.830392837524414,1.436296820640564,,,2.6004233360290527,False,0.152322427,0.558178210011,0,1.0,-0.5243086814880371,1.1291145086288452,0.1523224264383316,-0.07986397296190262,0.17198945581912994,0.1523224264383316,-0.07986397296190262,0.17198945581912994,0.12102017551660538,-0.111373171210289,0.1644684374332428,0.12102017551660538,-0.111373171210289,0.1644684374332428,0.12102031707763672,-0.1113731861114502,0.16446854174137115,False,False,1.1379001662135124,1.608499325811863,0.6313472390174866,0.022984657436609268,0.6317654848098755,0.665754497051239,-0.0005660317838191986,1147.8221435546875,151.9691925048828,1147.8221435546875,151.9691925048828,False,False,0.015417398487240271,-0.46611041479659965,0.11296752385669936,False,,False,caught
47,1787639626.7855685,2.8187619000673294,0.0507662994787097,19.69810701722269,True,45,0.015716299414634705,0.06533930078148842,15.30472453851717,False,False,False,,8.664003372192383,2.561838388442993,10.92627239227295,1.4348067045211792,,,2.527461528778076,False,0.152322427,0.558178210011,0,1.0,-1.0,1.4142135381698608,0.1523224264383316,-0.1523224264383316,0.21541644632816315,0.1523224264383316,-0.1523224264383316,0.21541644632816315,0.13849246501922607,-0.13423015177249908,0.19286756217479706,0.13849246501922607,-0.13423015177249908,0.19286756217479706,0.13849258422851562,-0.1342301368713379,0.19286763668060303,False,False,1.1727996170520782,1.6107996925711632,0.6016727685928345,0.05116705968976021,0.6038445234298706,0.6313472390174866,0.022984657436609268,1155.8170166015625,153.58511352539062,1155.8170166015625,153.58511352539062,False,False,0.019390708209887246,-0.4689153997405509,0.11294514828479707,False,,False,caught
48,1787639626.841434,2.874593799933791,0.055831899866461754,17.910907606436307,True,46,0.006271399557590485,0.07812959980219603,12.79924641277751,False,False,False,,8.802495956420898,2.4276082515716553,11.029356002807617,1.4346442222595215,,,2.4382131099700928,False,0.152322427,0.558178210011,0,0.6922283172607422,-1.0,1.2162154912948608,0.10544189810752869,-0.1523224264383316,0.18525689840316772,0.10544189810752869,-0.1523224264383316,0.18525689840316772,0.12004441022872925,-0.14432884752750397,0.18772713840007782,0.12004441022872925,-0.14432884752750397,0.18772713840007782,0.12004470825195312,-0.14432883262634277,0.18772731721401215,False,False,1.2561995536088943,1.6281995922327042,0.5837712287902832,0.07503455877304077,0.5885737538337708,0.6016727685928345,0.05116705968976021,1165.27294921875,155.06887817382812,1165.27294921875,155.06887817382812,False,False,0.02361876719993654,-0.4719981885946642,0.11293770392340204,False,,False,caught
49,1787639626.9023497,2.935532900504768,0.060939100570976734,16.40982539339064,True,47,0.00334980059415102,0.06527599971741438,15.319566216206402,False,False,False,,8.922540664672852,2.2832794189453125,11.133934020996094,1.4410107135772705,,,2.366363763809204,False,0.152322427,0.558178210011,0,1.0,-0.6288425922393799,1.181288719177246,0.1523224264383316,-0.09578683227300644,0.17993676662445068,0.1523224264383316,-0.09578683227300644,0.17993676662445068,0.13806141912937164,-0.11723373830318451,0.18112069368362427,0.13806141912937164,-0.11723373830318451,0.18112069368362427,0.1380615234375,-0.1172337532043457,0.18112076818943024,False,False,1.1071991175413132,1.5393001958727837,0.567972719669342,0.09296196699142456,0.5755301117897034,0.5837712287902832,0.07503455877304077,1175.01123046875,156.86337280273438,1175.01123046875,156.86337280273438,False,False,0.02769516306855334,-0.47541991561388414,0.11291249541360919,False,,False,caught
50,1787639626.9633145,2.996436600573361,0.060903700068593025,16.41936366548742,False,,,,,False,False,False,,9.060602188110352,2.166045665740967,11.237736701965332,1.4564459323883057,,,2.2898573875427246,False,0.152322427,0.558178210011,0,1.0,-0.9625567197799683,1.3879897594451904,0.1523224264383316,-0.14661897718906403,0.21142195165157318,0.1523224264383316,-0.14661897718906403,0.21142195165157318,0.14602163434028625,-0.13363593816757202,0.1979416161775589,0.14602163434028625,-0.13363593816757202,0.1979416161775589,0.14602184295654297,-0.1336359977722168,0.19794179499149323,False,False,1.5551000833511353,2.2850995883345604,0.5591863989830017,0.11515708267688751,0.5709208250045776,0.567972719669342,0.09296196699142456,1185.1007080078125,159.87661743164062,1185.1007080078125,159.87661743164062,False,False,0.03144136163772222,-0.4792254476802111,0.11293859534417701,False,,False,caught
51,1787639627.0257692,3.0579219004139304,0.061485299840569496,16.26405014845802,True,48,0.04744239989668131,0.06386120058596134,15.658960226623593,False,False,False,,9.206624031066895,2.03240966796875,11.329838752746582,1.4708234071731567,,,2.196228504180908,False,0.152322427,0.558178210011,0,0.7817140817642212,-1.0,1.2692819833755493,0.11907258629798889,-0.1523224264383316,0.19334012269973755,0.11907258629798889,-0.1523224264383316,0.19334012269973755,0.13097935914993286,-0.14406634867191315,0.1947067230939865,0.13097935914993286,-0.14406634867191315,0.1947067230939865,0.1309795379638672,-0.14406633377075195,0.19470682740211487,False,False,1.5397006645798683,1.9800001755356789,0.5477672219276428,0.14556387066841125,0.5667783617973328,0.5591863989830017,0.11515708267688751,1193.8302001953125,163.29534912109375,1193.8302001953125,163.29534912109375,False,False,0.03474465204823355,-0.48263453664381906,0.1129743286246537,False,,False,caught
52,1787639627.087729,3.1188570000231266,0.060935099609196186,16.410902852599627,True,49,0.04492110013961792,0.07850789930671453,12.737571745401079,False,False,False,,9.337603569030762,1.888343334197998,11.434341430664062,1.4883637428283691,,,2.134547710418701,False,0.152322427,0.558178210011,0,0.1127251386642456,-1.0,1.0063334703445435,0.01717056706547737,-0.1523224264383316,0.1532871425151825,0.01717056706547737,-0.1523224264383316,0.1532871425151825,0.06745384633541107,-0.14867469668388367,0.16326110064983368,0.06745384633541107,-0.14867469668388367,0.16326110064983368,0.06745338439941406,-0.14867472648620605,0.16326093673706055,False,False,1.8582995980978012,2.2637005895376205,0.5207827687263489,0.15976831316947937,0.5447390675544739,0.5477672219276428,0.14556387066841125,1202.8734130859375,166.02674865722656,1202.8734130859375,166.02674865722656,False,False,0.03845404847840811,-0.48655962329865904,0.11297492920455324,False,,False,caught
53,1787639627.1470551,3.180210500024259,0.06135350000113249,16.29898864745355,True,50,0.03992739971727133,0.0632409006357193,15.812551528325116,False,False,False,,9.405056953430176,1.739668607711792,11.532611846923828,1.515046238899231,,,2.1393795013427734,False,0.152322427,0.558178210011,0,1.0,-1.0,1.4142135381698608,0.1523224264383316,-0.1523224264383316,0.21541644632816315,0.1523224264383316,-0.1523224264383316,0.21541644632816315,0.11482542753219604,-0.150710791349411,0.1894693225622177,0.11482542753219604,-0.150710791349411,0.1894693225622177,0.11482524871826172,-0.1507108211517334,0.18946923315525055,False,False,1.13769993185997,1.6121994704008102,0.4752238094806671,0.15856987237930298,0.5009810924530029,0.5207827687263489,0.15976831316947937,1210.13720703125,168.74771118164062,1210.13720703125,168.74771118164062,False,False,0.04160412832635963,-0.49070634037540345,0.1129888654071459,False,,False,caught
54,1787639627.2079775,3.24116070009768,0.060950200073421,16.406837037374668,True,51,0.022679699584841728,0.06634499970823526,15.072725968764638,False,False,False,,9.519882202148438,1.5889577865600586,11.61142349243164,1.5415027141571045,,,2.0920796394348145,False,0.152322427,0.558178210011,0,1.0,-1.0,1.4142135381698608,0.1523224264383316,-0.1523224264383316,0.21541644632816315,0.1523224264383316,-0.1523224264383316,0.21541644632816315,0.13575534522533417,-0.1516103744506836,0.20350730419158936,0.13575534522533417,-0.1516103744506836,0.20350730419158936,0.1357555389404297,-0.1516103744506836,0.2035074234008789,False,False,1.189500093460083,1.6649998724460602,0.43269801139831543,0.16328449547290802,0.4624817669391632,0.4752238094806671,0.15856987237930298,1215.5948486328125,171.8168182373047,1215.5948486328125,171.8168182373047,False,False,0.04396237846149923,-0.49425812105840794,0.11297306555693995,False,,False,caught
55,1787639627.2684205,3.302559900097549,0.06139919999986887,16.286857157782766,True,52,0.020243999548256397,0.07820399943739176,12.787069807095683,False,False,False,,9.655637741088867,1.437347412109375,11.701430320739746,1.5699796676635742,,,2.0500874519348145,False,0.152322427,0.558178210011,0,1.0,0.5225567817687988,1.1283020973205566,0.1523224264383316,0.0795971155166626,0.17186571657657623,0.1523224264383316,0.0795971155166626,0.17186571657657623,0.1450028121471405,-0.022555392235517502,0.14674659073352814,0.1450028121471405,-0.0225553959608078,0.14674659073352814,0.1450023651123047,-0.02255535125732422,0.14674614369869232,False,False,1.1056996881961823,1.4829998835921288,0.39241188764572144,0.17457836866378784,0.4294935464859009,0.43269801139831543,0.16328449547290802,1222.336181640625,175.51136779785156,1222.336181640625,175.51136779785156,False,False,0.04671435320504247,-0.49823817314658525,0.11298158993765343,False,,False,caught
56,1787639627.3308733,3.3640270000323653,0.06146709993481636,16.268865800736716,True,53,0.017408499494194984,0.06383510027080774,15.665362719846895,False,False,False,,9.800640106201172,1.4147920608520508,11.779192924499512,1.5967639684677124,,,1.9869033098220825,False,0.152322427,0.558178210011,0,1.0,-1.0,1.4142135381698608,0.1523224264383316,-0.1523224264383316,0.21541644632816315,0.1523224264383316,-0.1523224264383316,0.21541644632816315,0.14908826351165771,-0.09498849511146545,0.17677704989910126,0.14908826351165771,-0.09498849511146545,0.17677704989910126,0.14908790588378906,-0.09498846530914307,0.176776722073555,False,False,1.1169994249939919,1.54039915651083,0.35108882188796997,0.17353574931621552,0.39163506031036377,0.39241188764572144,0.17457836866378784,1227.76025390625,178.25279235839844,1227.76025390625,178.25279235839844,False,False,0.04901960085655834,-0.5017746100971264,0.11293860905473097,False,,False,caught
57,1787639627.3907726,3.424945100210607,0.06091810017824173,16.415482378374836,False,,,,,False,False,False,,9.949728012084961,1.3198035955429077,11.83885669708252,1.6240496635437012,,,1.9134714603424072,False,0.152322427,0.558178210011,0,1.0,-0.526321530342102,1.1300506591796875,0.1523224264383316,-0.08017057180404663,0.17213204503059387,0.1523224264383316,-0.08017057180404663,0.17213204503059387,0.15089333057403564,-0.08671744167804718,0.17403651773929596,0.15089333057403564,-0.08671744167804718,0.17403651773929596,0.1508932113647461,-0.08671748638153076,0.17403644323349,False,False,1.4327997341752052,1.7317002639174461,0.294878751039505,0.1927921324968338,0.352309912443161,0.35108882188796997,0.17353574931621552,1230.416259765625,182.32318115234375,1230.416259765625,182.32318115234375,False,False,0.050563132574783475,-0.5047875327934663,0.11293109089976763,False,,False,caught
58,1787639627.4532409,3.486336600035429,0.06139149982482195,16.28889997562297,True,54,0.05851789936423302,0.06430129986256361,15.551785144894135,False,False,False,,10.100621223449707,1.233086109161377,11.90334415435791,1.6571192741394043,,,1.8519216775894165,False,0.152322427,0.558178210011,0,1.0,0.07968378067016602,1.0031697750091553,0.1523224264383316,0.012137627229094505,0.15280525386333466,0.1523224264383316,0.012137627229094505,0.15280525386333466,0.15169095993041992,-0.031538717448711395,0.15493495762348175,0.15169095993041992,-0.031538717448711395,0.15493495762348175,0.15169048309326172,-0.03153872489929199,0.15493448078632355,False,False,1.2310994789004326,1.9049998372793198,0.24732637405395508,0.20701268315315247,0.3225284218788147,0.294878751039505,0.1927921324968338,1234.09814453125,186.6830596923828,1234.09814453125,186.6830596923828,False,False,0.052111669248392466,-0.508202845708229,0.11292979243666662,False,,False,caught
59,1787639627.5156941,3.5473099006339908,0.060973300598561764,16.400621094531793,True,55,0.055905500426888466,0.08143310062587261,12.280018718607945,False,False,False,,10.252311706542969,1.201547384262085,11.955101013183594,1.6906675100326538,,,1.7716460227966309,False,0.152322427,0.558178210011,0,1.0,-0.7524096369743347,1.251447319984436,0.1523224264383316,-0.11460886150598526,0.190623477101326,0.1523224264383316,-0.11460886150598526,0.190623477101326,0.15204322338104248,-0.07790666073560715,0.17084082961082458,0.15204322338104248,-0.07790666073560715,0.17084082961082458,0.15204334259033203,-0.07790660858154297,0.17084091901779175,False,False,1.4579994603991508,2.260900102555752,0.22879743576049805,0.2172321230173111,0.3154965341091156,0.24732637405395508,0.20701268315315247,1238.2596435546875,190.8415069580078,1238.2596435546875,190.8415069580078,False,False,0.05311970481225301,-0.5112545322066154,0.11292105665565919,False,,False,caught
60,1787639627.5776317,3.6087624998763204,0.0614525992423296,16.2727046915728,True,56,0.05335099995136261,0.06336359959095716,15.781931684050244,False,False,False,,10.4043550491333,1.123640775680542,11.99281120300293,1.7230195999145508,,,1.6977773904800415,False,0.152322427,0.558178210011,0,1.0,0.5191199779510498,1.1267144680023193,0.1523224264383316,0.07907361537218094,0.17162388563156128,0.1523224264383316,0.07907361537218094,0.17162388563156128,0.15219911932945251,0.009716331958770752,0.152508944272995,0.15219911932945251,0.009716331958770752,0.152508944272995,0.15219879150390625,0.009716272354125977,0.15250861644744873,False,False,1.7867004498839378,2.7978001162409782,0.22213459014892578,0.2392505258321762,0.3264729678630829,0.22879743576049805,0.2172321230173111,1241.7117919921875,195.6165313720703,1241.7117919921875,195.6165313720703,False,False,0.05358910747937918,-0.5138281445850787,0.11290540472331434,False,,False,caught
61,1787639627.6370444,3.6701779002323747,0.061415400356054306,16.282560957064906,True,57,0.03486580029129982,0.06399200018495321,15.626953324005262,False,False,False,,10.556553840637207,1.133357048034668,12.036260604858398,1.7616721391677856,,,1.6075795888900757,False,0.152322427,0.558178210011,0,0.2228519320487976,-0.04654783010482788,0.2276613414287567,0.03394534811377525,-0.007090278435498476,0.03467793017625809,0.03394534811377525,-0.007090278435498476,0.03467793017625809,0.0861922949552536,0.00033522164449095726,0.08619294315576553,0.0861922949552536,0.00033522211015224457,0.08619294315576553,0.08619213104248047,0.0003352165222167969,0.0861927792429924,False,False,1.3851001858711243,1.7640003934502602,0.20544087886810303,0.24162398278713226,0.31715628504753113,0.22213459014892578,0.2392505258321762,1245.1353759765625,199.81655883789062,1245.1353759765625,199.81655883789062,False,False,0.05408366474479591,-0.5168535775443163,0.11292654202928898,False,,False,caught
62,1787639627.69798,3.73115530051291,0.06097740028053522,16.39951843468822,True,58,0.02463770005851984,0.07990220002830029,12.515299949761252,False,False,False,,10.642745971679688,1.1336922645568848,12.075203895568848,1.8031933307647705,,,1.5811917781829834,False,0.152322427,0.558178210011,0,-0.034682631492614746,-0.21781092882156372,0.22055494785308838,-0.005282942671328783,-0.033177487552165985,0.03359546512365341,-0.005282942671328783,-0.033177487552165985,0.03359546512365341,0.03513273596763611,-0.018370842561125755,0.03964589536190033,0.03513273596763611,-0.018370842561125755,0.03964589536190033,0.035132408142089844,-0.018370866775512695,0.039645615965127945,False,False,1.1024000123143196,1.5427004545927048,0.17995595932006836,0.21571053564548492,0.2809184491634369,0.20544087886810303,0.24162398278713226,1247.557373046875,202.53854370117188,1247.557373046875,202.53854370117188,False,False,0.054296422867133404,-0.5198685871062427,0.11294220649394865,False,,False,caught
63,1787639627.759444,3.7925599003210664,0.06140459980815649,16.285424921329234,True,60,0.02839910052716732,0.025748799555003643,38.836761995984965,False,False,False,,10.677878379821777,1.115321397781372,12.107061386108398,1.8418304920196533,,,1.6032403707504272,False,0.152322427,0.558178210011,0,1.0,-0.41755160689353943,1.0836739540100098,0.1523224264383316,-0.06360247731208801,0.1650678515434265,0.1523224264383316,-0.06360247731208801,0.1650678515434265,0.10054531693458557,-0.04361816495656967,0.10959883034229279,0.10054531693458557,-0.04361816495656967,0.10959883034229279,0.10054492950439453,-0.043618202209472656,0.10959849506616592,False,False,1.1253003031015396,1.6059000045061111,0.1553451418876648,0.1819845736026764,0.23927076160907745,0.17995595932006836,0.21571053564548492,1249.3074951171875,204.46701049804688,1249.3074951171875,204.46701049804688,False,False,0.054313955611984883,-0.5225405666536083,0.11292948333468215,False,,False,caught
64,1787639627.8197165,3.853902700357139,0.06134280003607273,16.30183166422055,False,,,,,False,False,False,,10.778423309326172,1.0717031955718994,12.1406831741333,1.8801817893981934,,,1.5841052532196045,False,0.152322427,0.558178210011,0,-0.6137470006942749,-0.27170228958129883,0.6711985468864441,-0.09348743408918381,-0.041386350989341736,0.10223859548568726,-0.09348743408918381,-0.041386350989341736,0.10223859548568726,-0.007759705185890198,-0.042372431606054306,0.04307709261775017,-0.007759705185890198,-0.042372431606054306,0.04307709261775017,-0.007760047912597656,-0.04237246513366699,0.04307718947529793,False,False,1.1718003079295158,1.728900708258152,0.15332579612731934,0.18858109414577484,0.2430465668439865,0.1553451418876648,0.1819845736026764,1252.6263427734375,208.90103149414062,1252.6263427734375,208.90103149414062,False,False,0.05441368051127,-0.5252521852428172,0.11291536525845033,False,,False,caught
65,1787639627.8826928,3.914823000319302,0.06092029996216297,16.414889628269897,True,61,0.0073683001101017,0.03214520029723644,31.108843334411297,False,False,False,,10.770663261413574,1.0293307304382324,12.16338062286377,1.9079796075820923,,,1.6467195749282837,False,0.152322427,0.558178210011,0,1.0,0.3213399648666382,1.0503615140914917,0.1523224264383316,0.0489472821354866,0.15999361872673035,0.1523224264383316,0.0489472821354866,0.15999361872673035,0.08159449696540833,0.008600227534770966,0.08204648643732071,0.08159449696540833,0.008600227534770966,0.08204648643732071,0.08159446716308594,0.008600234985351562,0.08204645663499832,False,False,1.5986999496817589,2.011599950492382,0.12859505414962769,0.16274620592594147,0.20741990208625793,0.15332579612731934,0.18858109414577484,1253.4310302734375,210.1897430419922,1253.4310302734375,210.1897430419922,False,False,0.054417144062800085,-0.5271663247266574,0.11290077383562669,False,,False,caught
66,1787639627.9431148,3.976267800666392,0.06144480034708977,16.27477010831175,True,63,0.005119600333273411,0.02886050008237362,34.649434249087875,False,False,False,,10.85225772857666,1.037930965423584,12.189425468444824,1.9388669729232788,,,1.6123595237731934,False,0.152322427,0.558178210011,0,1.0,1.0,1.4142135381698608,0.1523224264383316,0.1523224264383316,0.21541644632816315,0.1523224264383316,0.1523224264383316,0.21541644632816315,0.12107326090335846,0.08882282674312592,0.15016067028045654,0.12107326090335846,0.08882282674312592,0.15016067028045654,0.12107372283935547,0.08882284164428711,0.15016105771064758,False,False,1.222299411892891,1.7170999199151993,0.13000550866127014,0.1720491498708725,0.2156440168619156,0.12859505414962769,0.16274620592594147,1256.1846923828125,214.01168823242188,1256.1846923828125,214.01168823242188,False,False,0.05445487357747505,-0.5293174541932351,0.11291888126917617,False,,False,caught
67,1787639628.0289059,4.037239400669932,0.060971600003540516,16.401078533972075,False,,,,,False,False,False,,10.973331451416016,1.126753807067871,12.2129545211792,1.9688612222671509,,,1.4986027479171753,False,,,,,,,,,,,,,,,,,,,,,,,,,,,,,,,,,,,,,0.054419005335756006,-0.5313523349864698,0.1129109622596089,False,,True,caught
