trial_index,trial_seed,episodes,reward_mean,reward_std,tiz_mean,tiz_std,zpd_coverage_mean,zpd_coverage_std,episode_length_mean,episode_length_std,catch_rate,oob_rate,boundary_occupancy_mean,boundary_occupancy_std,min_clearance_mean,min_clearance_std,min_clearance_p05,too_close_rate,too_far_rate,avg_distance_mean,avg_distance_std,test_name,test_type
0,479243620,1000,-47.64174797827596,7.116679266488659,0.16109,0.10691371494079908,0.5353180823650785,0.14801178388044753,29.423,17.53869084842642,0.995,0.0,0.025989679119979802,0.05061191218805097,0.5502332686109503,0.21013488182485637,0.1403462991561189,0.40438584345235795,0.060296074182563546,3.799764303284072,0.5570581037163509,scripted_hand,scripted
1,454024514,1000,-47.14525885797233,8.449019308827005,0.16134000000000004,0.11341369876283494,0.5315399176684672,0.14392763322648885,29.499,17.632609220075963,0.991,0.0,0.024814992870958483,0.05395755992368985,0.556518861730451,0.21637020141513058,0.1346494357898824,0.41053257663687354,0.05792750569465924,3.785441039747209,0.5505271526725721,scripted_hand,scripted
2,1818751028,1000,-48.04181721028875,7.822861279431947,0.15375,0.10680001752688874,0.5211853506394232,0.14625830198250508,28.822,17.892357375495617,0.994,0.0,0.026615573632499546,0.054630944798243986,0.5580221984489105,0.21129907213641685,0.13446075501752056,0.41776713781390795,0.06104751154666891,3.7758696147245074,0.5563510804579072,scripted_hand,scripted
3,2288458700,1000,-47.24988241383732,6.906244202995105,0.15988,0.11042997953626714,0.5299015275384725,0.15207868814714212,29.088,17.525449991295442,0.994,0.0,0.02746559933101509,0.06070758397008435,0.5513032469643417,0.21798663593942802,0.11838435128716325,0.41368146052787247,0.05641701193365495,3.7598520969410045,0.534908651471144,scripted_hand,scripted
4,2115331525,1000,-47.50177597817729,8.120612309779917,0.16443000000000002,0.11373834670642752,0.5345010367887665,0.14111589903149757,29.954,18.31462009732414,0.994,0.0,0.024051146593263576,0.0482932372993454,0.5559013387169032,0.21255388394853383,0.1336208815938675,0.4045081757844199,0.06099078742681365,3.7996108617513817,0.5329651503493906,scripted_hand,scripted
5,2666256175,1000,-47.75379085300252,7.5041623832453626,0.16171000000000005,0.11006948346926677,0.5295707641086629,0.14722266694698563,29.926,18.59554565798805,0.991,0.0,0.02414591279768743,0.046709493140781724,0.5488676286635361,0.21162150598509238,0.12506255043206932,0.4147690783857568,0.05566015750558033,3.76485581903024,0.5253368494780224,scripted_hand,scripted
6,975381835,1000,-47.253181593266916,7.635108784716378,0.15606,0.11184178550517236,0.52632181213683,0.1510184552792585,28.568,18.074735740034267,0.992,0.0,0.027039227057819075,0.0566143963477354,0.5572034018136013,0.21229802364249856,0.12509803893030094,0.41569043711956527,0.057987750743604655,3.773969743843002,0.5494551703487046,scripted_hand,scripted
7,2535166222,1000,-47.81380810504817,7.422341423967764,0.15760000000000002,0.11071991193502143,0.5234237435257609,0.15010185981232368,29.273,17.99500739903408,0.994,0.0,0.02825335394884975,0.05592522733074738,0.5461620490590936,0.21480224436377257,0.12088091302985526,0.42051415898784267,0.05606209748639631,3.756724416604212,0.5696502354201121,scripted_hand,scripted
8,1079577930,1000,-47.46913203662912,7.245225690389533,0.15674000000000002,0.10677065314201452,0.531279438861593,0.14251931299170942,28.825,17.647544044733557,0.992,0.0,0.026983163900383397,0.051994058920833724,0.5505081276233554,0.21836864677796847,0.11635844212151172,0.4105844164919913,0.0581361446464157,3.775075141781225,0.5317090425355108,scripted_hand,scripted
9,3715024065,1000,-47.814544619652416,7.8327341809471625,0.15898,0.11189405649935066,0.5257897501541435,0.14622302874772125,29.331,18.226838910152704,0.995,0.0,0.027910527716587624,0.06149781428185386,0.5479507287044483,0.21483144906361915,0.12695854352664765,0.4160449777080213,0.05816527213783504,3.7662846383718662,0.5219834390026692,scripted_hand,scripted
10,2056590929,1000,-47.64883337850757,7.878578493233829,0.15541999999999997,0.10436625851258594,0.5338362519797888,0.14077080358240818,28.68,17.41409919722668,0.99,0.0,0.02508001085514704,0.05123896837175587,0.5542542499502516,0.21467944595051933,0.13220738192340786,0.4034387518019331,0.06272499621827811,3.810708725624474,0.5424690027581046,scripted_hand,scripted
11,3339987600,1000,-47.57107256995266,7.877810432568978,0.15766,0.11116691271454147,0.5288897181213287,0.14483843874831176,28.968,17.718716909780145,0.993,0.0,0.02498622722177345,0.051114056117252185,0.5506766728699826,0.21500815052002825,0.12626172633570257,0.41172617398248,0.05938410789619129,3.7850963567472755,0.5405920758076567,scripted_hand,scripted
12,1788010607,1000,-47.65824054910282,7.17560058796575,0.1574,0.10614285800894145,0.5309267422738355,0.14721796561167225,28.976,17.4224270687228,0.996,0.0,0.026164173003321686,0.05826619772536852,0.5568999695916927,0.21106803069268903,0.13997559163848966,0.4123490334663321,0.05672422425983242,3.771169013244062,0.535039344913316,scripted_hand,scripted
13,2859898362,1000,-47.60608853814802,7.540190975480429,0.15934,0.1125834776485406,0.5240860788573913,0.1556819284191361,29.412,18.174833715348832,0.993,0.0,0.028336034775427812,0.05737446179009661,0.5516417055226032,0.20348760844338687,0.15448570924009053,0.4203884450280334,0.05552547611457516,3.7453758153761783,0.5433174254876454,scripted_hand,scripted
14,1908601667,1000,-47.71551374431152,6.909950144458433,0.15221000000000004,0.10355452399310924,0.5228193591131671,0.1516840776585503,28.243,17.13159194127745,0.997,0.0,0.02449923474292706,0.05415200181029725,0.5600867209553871,0.21079942886038705,0.14611757513943716,0.41852663961594483,0.058654001270887955,3.763631468399476,0.5403429101110693,scripted_hand,scripted
15,726301638,1000,-47.295665300612704,7.463946654692723,0.15785000000000002,0.1063531310704508,0.5321636452194181,0.14451730172610305,28.997,17.33584501899237,0.99,0.0,0.026297267451164973,0.057323785010942346,0.5523615877926222,0.2168122043789454,0.12210018097283978,0.412049382856791,0.05578697192379095,3.7613938133871887,0.5083250242379436,scripted_hand,scripted
16,2584016318,1000,-47.52270116717255,7.845937491249091,0.15848,0.11530387931281665,0.5259859390562857,0.152210167437931,29.139,18.172173973053056,0.993,0.0,0.026787415680226224,0.04974032883536417,0.5477075360576361,0.21006995523553948,0.14588756841315975,0.4141155496405503,0.059898511303164016,3.782095263541267,0.5510213122566293,scripted_hand,scripted
17,4074852312,1000,-47.76648467956019,7.946456466138161,0.15860000000000002,0.11223919831163104,0.5265955945894579,0.14731929713719039,29.418,18.5779012381489,0.992,0.0,0.02540161704766542,0.05913211649054095,0.562974912016374,0.2121182676294616,0.13477206627737154,0.41603472838312405,0.05736967702741792,3.764823925411968,0.5215636780808925,scripted_hand,scripted
18,3205241267,1000,-47.73419806778715,6.86922174070079,0.15328,0.1033320817515989,0.5280485539366838,0.14581426200348008,28.322,16.86970369932154,0.996,0.0,0.027278020540228723,0.0566337509152598,0.5541904526408619,0.2171213845636037,0.1179457552898034,0.4140736672105534,0.05787777885276279,3.7699158783311204,0.5259197090515387,scripted_hand,scripted
19,1304481603,1000,-47.794894478176595,7.764743818074328,0.15913,0.11376680529040967,0.5183289781656026,0.14762843207348053,29.623,18.664384003503308,0.991,0.0,0.026114807187236102,0.05060603226249254,0.5504120029820251,0.2184800861376926,0.11903699346015988,0.42093259150834067,0.06073843032605663,3.7710040876387874,0.5451257478543602,scripted_hand,scripted
0,479243620,1000,-39.64408321634888,28.800279877503442,0.29888,0.25071538405890414,0.5495608842891668,0.1796094620937332,50.829,35.29889191987152,0.75,0.0,0.031459019216028214,0.0609466396752974,0.4867445131089136,0.26277443166847575,0.06237339972892677,0.4083993065583254,0.042039809152507775,3.7557217454011527,0.47833440920719894,agent_H1,learned
1,454024514,1000,-40.29151722493207,28.58894030717971,0.28679000000000004,0.24715639215319152,0.5460371414700156,0.17866514677515805,48.924,34.46540422058166,0.767,0.0,0.027764442123079526,0.04591488205061171,0.5027889048791756,0.26120883561176145,0.08584093149856709,0.4078922368000822,0.04607062172990216,3.779715066887031,0.5014402788602067,agent_H1,learned
2,1818751028,1000,-41.5501668985613,28.09790634584669,0.27714,0.24373844347748844,0.5412285024770809,0.18397697837185406,47.764,34.53002500182453,0.788,0.0,0.03169881448400275,0.05046468554735456,0.49083909679692816,0.2677809925948373,0.0788411715177894,0.41674836316265434,0.042023134360264724,3.7385825995140687,0.4905494175468094,agent_H1,learned
3,2288458700,1000,-40.82443408466438,28.301229130549977,0.2834399999999999,0.24352221555634193,0.5423100075853718,0.18228614028619428,49.032,34.634210031477615,0.77,0.0,0.03223160225012704,0.05404862689577864,0.4911584596486407,0.2722659085876821,0.06141392282006286,0.4128315908466683,0.04485840156795987,3.7593202475026457,0.48764384120653675,agent_H1,learned
4,2115331525,1000,-41.949434670366465,27.328881944580168,0.27798,0.23739308135469128,0.5388929193323339,0.17906584985917634,48.7,34.28561656881065,0.777,0.0,0.027120568014589733,0.04631516932763065,0.5011962153798462,0.26387953320339413,0.07100433583417544,0.41834886525883835,0.04275821540882781,3.73839925956097,0.4858642628578288,agent_H1,learned
5,2666256175,1000,-41.125514423045914,27.620922943849973,0.27837,0.24221005100699022,0.5454879654141986,0.17863699078197057,47.625,34.11568928301545,0.784,0.0,0.031596043487384096,0.0489079432675441,0.48087120885372536,0.26817226756470836,0.07379975317854312,0.41328681508431986,0.04122521950148154,3.7406744966366223,0.47245803947018844,agent_H1,learned
6,975381835,1000,-40.97554411393829,28.443207916122336,0.28532,0.2442821552454689,0.5500408222415555,0.17546251304327606,48.57,34.13115931280442,0.782,0.0,0.029947006245985747,0.050194309052234584,0.5033971329195932,0.2648296806437474,0.07759832109534939,0.4039863269637509,0.04597285079469358,3.7763625503403997,0.4839054255533246,agent_H1,learned
7,2535166222,1000,-40.3468667074948,28.867416819001434,0.29117,0.25004890632745336,0.5460013299777863,0.1802336904351542,49.746,35.08059480869919,0.766,0.0,0.027453572567283837,0.046018062306557146,0.4929330075676949,0.26656063480636244,0.06492120114155542,0.4149896206862339,0.0390090493359797,3.7252341958876647,0.4693379899681516,agent_H1,learned
8,1079577930,1000,-39.9221925089827,28.093983368682345,0.29538,0.2468764946356854,0.5553473052469587,0.17061676144629678,49.931,34.8233672396267,0.763,0.0,0.030303706727350083,0.04976904682156755,0.4912258140658445,0.26720309409091964,0.058082441257595895,0.403265213110967,0.04138748164207428,3.756854827913592,0.45371599518563777,agent_H1,learned
9,3715024065,1000,-41.29880959244525,28.12278293648163,0.27358000000000005,0.2456308574225114,0.5412425051559856,0.184376434979357,46.886,34.10519268627826,0.792,0.0,0.031293758133081766,0.04881283912588264,0.482017704887072,0.26351563009465995,0.0689753367062727,0.4171913279841696,0.041566166859844884,3.7282806058110873,0.4666746405859197,agent_H1,learned
10,2056590929,1000,-40.496113090589745,29.076587529260586,0.29267,0.24736523737312133,0.5440795964144568,0.1794139582544194,50.481,34.8606497917624,0.755,0.0,0.029276533676929804,0.0491470228191869,0.48712467354852473,0.2668502417649304,0.06294291203640712,0.41570083935739954,0.04021956422814367,3.7365456146220843,0.46801349648414997,agent_H1,learned
11,3339987600,1000,-39.20262583800838,29.778212918253903,0.29359,0.25448177316435233,0.5496581390963136,0.1772103225956078,49.889,35.43357471688705,0.747,0.0,0.02954346919395087,0.05342317967925061,0.5064222761264091,0.26411444209972135,0.06173651934615092,0.40715602021055897,0.04318584069312749,3.7589058809238987,0.47454654880604974,agent_H1,learned
12,1788010607,1000,-41.29112742726477,27.361266755482777,0.28815999999999997,0.24073630463303278,0.5538652302014048,0.1701624483809657,49.418,34.48379921656557,0.776,0.0,0.028753483577132696,0.05076538101511882,0.49152100265067356,0.268930136784873,0.05333377193370126,0.40296476932886405,0.04317000046973115,3.7694499192356115,0.4706531477230944,agent_H1,learned
13,2859898362,1000,-38.70037397745729,29.136936607460623,0.30510000000000004,0.25346288373928333,0.5583834291757407,0.17789605162725583,50.823,35.09257984475009,0.755,0.0,0.02933764439289203,0.05085228455079492,0.5020425777326081,0.261907532154538,0.07714518366568379,0.4021910790350612,0.03942549178919811,3.7509673159296146,0.4438608360247205,agent_H1,learned
14,1908601667,1000,-41.472481606598286,28.111232538063476,0.28826999999999997,0.2394724496766886,0.5504092868255634,0.1775610306024056,50.161,34.63533868299378,0.765,0.0,0.031400423253319126,0.052093623450036576,0.4834955482178963,0.2697806784348493,0.06061955339347023,0.40592361481588374,0.04366709835855282,3.7660593035824173,0.452499573430754,agent_H1,learned
15,726301638,1000,-40.14473097582848,28.452738054771118,0.29271,0.24568092114573123,0.546590803517935,0.18058072755570065,50.078,34.57367864800122,0.756,0.0,0.0288439399242688,0.05223069803170192,0.49561022564879614,0.26250815838226665,0.07166072243378463,0.41003368701277726,0.04337550946928762,3.7637050067095608,0.47870467979147385,agent_H1,learned
16,2584016318,1000,-38.18509228393337,29.818323537666203,0.29971000000000003,0.25609295089771505,0.5613358709928797,0.17920629204448935,49.818,35.02970105433325,0.748,0.0,0.0296113574683912,0.05368405785650503,0.5050262453374595,0.2681672752231944,0.06428606358550328,0.3962971154489592,0.04236701355816108,3.7766054402717355,0.46821743046928,agent_H1,learned
17,4074852312,1000,-39.011206460710206,29.332891463321463,0.30087,0.2516777399469107,0.552963042478576,0.1757594996529885,50.905,35.169003878896454,0.739,0.0,0.030222167644301915,0.04717828234663517,0.49033442726759924,0.2682573526530087,0.08379651991900061,0.4029098413932543,0.0441271161281698,3.7798223975363743,0.46780566610226537,agent_H1,learned
18,3205241267,1000,-39.81903268764109,28.06132029171435,0.28991999999999996,0.24989806450359442,0.5532530066320602,0.1793405758948657,48.543,34.51453902929031,0.771,0.0,0.030243536768566365,0.05744618071548302,0.4955886371178384,0.2628738437453904,0.060164168024724955,0.4026368864925639,0.04411010687537589,3.770733745346647,0.47603438894272826,agent_H1,learned
19,1304481603,1000,-39.517025795380455,29.063005358666732,0.30275,0.2483509929831482,0.5554944503742114,0.17022522058915324,51.241,34.65813187558015,0.754,0.0,0.029276510351076503,0.0457825944129576,0.4843325147145069,0.26846617607413115,0.06153512431571752,0.4044075917861798,0.04009795783960877,3.755490323064562,0.44157536952538246,agent_H1,learned
