rank_input_order,radial_gain,tangent_gain,boundary_gain,boundary_band,boundary_guard,smoothing,score_mean_tiz,score_min_tiz,scripted_tiz_mean,scripted_tiz_std,scripted_episode_length_mean,scripted_episode_length_std,scripted_catch_rate,scripted_too_close_rate,scripted_too_far_rate,scripted_avg_distance_mean,h1_tiz_mean,h1_tiz_std,h1_episode_length_mean,h1_episode_length_std,h1_catch_rate,h1_too_close_rate,h1_too_far_rate,h1_avg_distance_mean
1,0.8,0.0,0.8,1.25,0.2,0.0,0.09159166666666668,0.06353333333333334,0.06353333333333334,0.0038475100173142223,17.345000000000002,0.6921704992268886,1.0,0.48079139672434273,0.1563346411259073,4.0326226730962205,0.11965000000000002,0.0024576411454888935,27.48,0.5296461082647532,0.9933333333333333,0.45889952684908436,0.12938473499325584,3.969132844808961
2,0.8,0.0,0.8,1.25,0.2,0.1,0.09090000000000001,0.06270000000000002,0.06270000000000002,0.004030818775385472,17.30333333333333,0.6865554116991087,1.0,0.48523566796464906,0.15642235283445863,4.025156396244354,0.1191,0.00264244205234477,27.389999999999997,0.39537956446938477,0.9933333333333333,0.4601709667639271,0.12945442059103882,3.9651362162561496
3,0.8,0.0,1.35,1.25,0.2,0.0,0.0859,0.06176666666666667,0.06176666666666667,0.004041761167280088,16.811666666666664,0.773309985279728,1.0,0.4803838306416465,0.15784636386349427,4.033657325586711,0.11003333333333333,0.0006934214687571539,25.75333333333333,0.4316344904352906,0.995,0.46159963285279654,0.13271161672884002,3.969863336810938
4,0.8,0.0,1.35,1.25,0.2,0.1,0.08483333333333334,0.06101666666666667,0.06101666666666667,0.003913544855157966,16.821666666666665,0.7578643238293596,1.0,0.48571145321605,0.15701114724801282,4.022922291644556,0.10865000000000001,0.0010404326023342497,25.439999999999998,0.3810839802458246,0.995,0.46421411033086707,0.1330165276593062,3.9672598921216946
5,0.8,0.0,2.0,1.25,0.2,0.0,0.081625,0.061033333333333335,0.061033333333333335,0.0038827610450983562,16.323333333333334,0.7642861593234134,1.0,0.4712531591335362,0.1602114326976468,4.044476736499612,0.10221666666666668,0.0017616280348965107,23.893333333333334,0.46573418742168077,0.9966666666666667,0.45432420992438494,0.1370528760944174,3.9885426524508105
6,0.8,0.0,2.0,1.25,0.2,0.1,0.08078333333333333,0.06026666666666667,0.06026666666666667,0.003739095255985507,16.313333333333333,0.7611230737097201,1.0,0.4760889726035232,0.15964545139428496,4.037175008391691,0.1013,0.0010758717395675074,23.71666666666667,0.20508128469787987,0.9966666666666667,0.45635437090691017,0.13693954146279208,3.9848167159612298
7,0.8,0.3,0.8,1.25,0.2,0.0,0.09505,0.06276666666666668,0.06276666666666668,0.002951412091412068,17.383333333333336,0.5612783029240779,1.0,0.4787561721811066,0.15748449628061145,4.027632721317707,0.12733333333333333,0.009772580689527875,30.916666666666668,0.4521430452117266,0.965,0.48200376177961496,0.12040642450704482,3.899498932073941
8,0.8,0.3,0.8,1.25,0.2,0.1,0.09357500000000002,0.062016666666666685,0.062016666666666685,0.0028250368729157,17.316666666666666,0.5727201178004254,1.0,0.48177784896937687,0.15840691782535113,4.023614447718725,0.12513333333333335,0.011641448936164818,30.375,0.9130854286429074,0.9733333333333333,0.48408219409039094,0.12113870559998109,3.898004542031865
9,0.8,0.3,1.35,1.25,0.2,0.0,0.09087500000000001,0.060933333333333346,0.060933333333333346,0.0030225541075940008,16.851666666666667,0.6650250621843761,1.0,0.4807237178279875,0.1584550195011072,4.020636397316195,0.12081666666666668,0.008100205758703512,29.015,0.43139309220245947,0.975,0.4790925543608719,0.12394668715960823,3.901748372647979
10,0.8,0.3,1.35,1.25,0.2,0.1,0.08991666666666667,0.06016666666666667,0.06016666666666667,0.0029859392715414256,16.81,0.736495078055516,1.0,0.484331173834206,0.15886624931827223,4.016653587265302,0.11966666666666669,0.008390818394729644,28.738333333333333,0.5256979487627214,0.9733333333333333,0.48121127369553807,0.12412593811647511,3.901902123449272
11,0.8,0.3,2.0,1.25,0.2,0.0,0.08723333333333333,0.05995,0.05995,0.0029828677476549294,16.37666666666667,0.6569690505140516,1.0,0.47336617948390214,0.1610822622120921,4.03254073395108,0.11451666666666667,0.009688438126619443,27.646666666666665,1.1407161493260862,0.98,0.47135927190529503,0.12747082529856055,3.918270924677272
12,0.8,0.3,2.0,1.25,0.2,0.1,0.08612500000000002,0.05926666666666667,0.05926666666666667,0.0028571547618799556,16.28,0.6482090712108243,1.0,0.47625944914414503,0.16113079272545447,4.028394324514723,0.11298333333333337,0.010960421220616176,27.28333333333333,1.553715975760478,0.98,0.4738148010382497,0.12849427441691408,3.919031446335507
13,0.8,0.6,0.8,1.25,0.2,0.0,0.08453333333333334,0.06036666666666667,0.06036666666666667,0.0012065791865158795,17.796666666666667,0.3130628264954712,0.9883333333333333,0.477206324316967,0.16694417547554063,4.056327957088619,0.1087,0.01187023588645145,28.323333333333334,1.3551506681300547,0.9483333333333333,0.4844475657056715,0.13827996492178704,3.9591814175703526
14,0.8,0.6,0.8,1.25,0.2,0.1,0.08418333333333335,0.059716666666666675,0.059716666666666675,0.0007216878364870389,17.625,0.3925238846235985,0.9899999999999999,0.4786445319469126,0.16891775915490412,4.05445050158074,0.10865000000000001,0.014316424134538623,28.545,2.0182356155810943,0.9566666666666667,0.48882172634546023,0.13827373175697177,3.9526848075116288
15,0.8,0.6,1.35,1.25,0.2,0.0,0.07840000000000001,0.05770000000000001,0.05770000000000001,0.0012767145334803686,16.608333333333334,0.2138535324312721,1.0,0.4790983905724757,0.1681416829541351,4.050291438961015,0.09910000000000002,0.011900945340602157,25.965,2.048188223772415,0.9699999999999999,0.4889996836029607,0.14133105859771936,3.9609494846456887
16,0.8,0.6,1.35,1.25,0.2,0.1,0.078225,0.05705000000000001,0.05705000000000001,0.0009124143795447311,16.513333333333332,0.2916047553338827,1.0,0.4825596553359633,0.1687330995638848,4.045747150977511,0.0994,0.011853585955313274,25.958333333333332,1.6077727866005618,0.9733333333333333,0.48986672942599147,0.1420090982512611,3.9612397592578907
17,0.8,0.6,2.0,1.25,0.2,0.0,0.07544166666666667,0.05646666666666667,0.05646666666666667,0.0015782374134880144,15.950000000000001,0.4351149273467875,1.0,0.4734062793090015,0.16966895245678834,4.061032404571843,0.09441666666666666,0.011371052428572007,24.305000000000003,1.436462669198194,0.9816666666666666,0.47741253083451185,0.14449942436543275,3.978135657136233
18,0.8,0.6,2.0,1.25,0.2,0.1,0.07486666666666666,0.055933333333333335,0.055933333333333335,0.0014597374193098317,15.936666666666667,0.39243895491315944,1.0,0.4761386329181147,0.17055865375187787,4.0586657355841576,0.09380000000000001,0.010175829204541508,24.116666666666664,1.125936647122446,0.9866666666666667,0.4796410065204138,0.14516719160766858,3.977692115260209
19,1.2,0.0,0.8,1.25,0.2,0.0,0.13315000000000002,0.09530000000000001,0.09530000000000001,0.0049827201406460716,18.563333333333333,0.5609441445753174,1.0,0.35162469745402136,0.1418543132280755,4.16842774255506,0.17100000000000004,0.006392964883369842,31.820000000000004,1.3709576944603357,0.98,0.3700539966167406,0.11476912479576551,4.1202482507827485
20,1.2,0.0,0.8,1.25,0.2,0.1,0.13199166666666667,0.09481666666666666,0.09481666666666666,0.005269092268439925,18.488333333333333,0.4923751956926074,1.0,0.35239225822891673,0.14176511198836725,4.162902090653447,0.1691666666666667,0.00528732761736335,31.396666666666665,1.1064507821558662,0.98,0.3700539913524971,0.11545779692245252,4.1178724209868705
21,1.2,0.0,1.35,1.25,0.2,0.0,0.12799166666666667,0.09063333333333334,0.09063333333333334,0.005281650625830279,18.400000000000002,0.5827520913733371,1.0,0.3755292916840915,0.14083188007832326,4.142410708642342,0.16535,0.0030253099014811826,32.51499999999999,1.0724854311364773,0.9816666666666666,0.4012223746386449,0.1120637589929005,4.0722512365313746
22,1.2,0.0,1.35,1.25,0.2,0.1,0.12780833333333333,0.0901,0.0901,0.005246665607793193,18.326666666666668,0.5586665672235386,1.0,0.3775745993071687,0.14033273195634174,4.136775296016681,0.16551666666666667,0.0035764274539452356,32.504999999999995,1.1554328193365462,0.9816666666666666,0.4005048345159316,0.11195884052915456,4.068208563775205
23,1.2,0.0,2.0,1.25,0.2,0.0,0.11958333333333332,0.0868,0.0868,0.005369357503463537,17.868333333333336,0.6872469231166726,1.0,0.3827706748315857,0.14344874163786867,4.139525236807166,0.15236666666666665,0.004874508522234153,30.745,0.16822603841260733,0.9866666666666667,0.4079226357566205,0.11719142797985971,4.071016683340172
24,1.2,0.0,2.0,1.25,0.2,0.1,0.11765,0.08646666666666668,0.08646666666666668,0.005383849304478481,17.84,0.6473214039408871,1.0,0.3845981804367853,0.1430933190660835,4.131947869288443,0.14883333333333335,0.0037287173844813394,30.12,0.612515305931206,0.9866666666666667,0.4090775913400624,0.11740006866201896,4.067878126000834
25,1.2,0.3,0.8,1.25,0.2,0.0,0.14120000000000002,0.09305000000000001,0.09305000000000001,0.0030826125283596687,19.001666666666665,0.634120125318013,1.0,0.3676257945002232,0.14107472027054815,4.148510136548142,0.18935000000000002,0.011326186472065508,35.87166666666667,1.013229161312157,0.9316666666666666,0.38757547701730477,0.10455262961254091,4.053214329681523
26,1.2,0.3,0.8,1.25,0.2,0.1,0.13916666666666666,0.09231666666666667,0.09231666666666667,0.003527510926040245,18.921666666666667,0.720977345922417,1.0,0.3701356222006707,0.14120972864506423,4.1403066413452745,0.18601666666666664,0.008675012007676635,35.25666666666667,0.4996582165173832,0.9433333333333334,0.38920248260152973,0.10459179891940289,4.046936474947054
27,1.2,0.3,1.35,1.25,0.2,0.0,0.13540000000000002,0.08836666666666669,0.08836666666666669,0.0029825883613622127,18.826666666666668,0.5802011145571265,1.0,0.39199817977064394,0.1400933930249644,4.11592492112723,0.18243333333333334,0.01032622067037758,36.17666666666667,0.7143236894667114,0.9233333333333333,0.4075408289537445,0.10493213786407342,4.033054546081321
28,1.2,0.3,1.35,1.25,0.2,0.1,0.1338416666666667,0.08771666666666667,0.08771666666666667,0.003177000681985019,18.663333333333334,0.6295699590461197,1.0,0.39195685641495914,0.1403810201853699,4.111496795072449,0.1799666666666667,0.008144527815247075,35.553333333333335,0.3225032299579826,0.9283333333333333,0.40745246392769746,0.10494093965091746,4.031578641740976
29,1.2,0.3,2.0,1.25,0.2,0.0,0.1281,0.08383333333333333,0.08383333333333333,0.003642229170897033,18.141666666666666,0.7452739988308557,1.0,0.4005425608265643,0.14251745102350466,4.1071108952641495,0.17236666666666667,0.008085841535259855,34.36666666666667,0.19553345834750102,0.9466666666666667,0.41336890337887405,0.10745218604978184,4.030072527608692
30,1.2,0.3,2.0,1.25,0.2,0.1,0.12727500000000003,0.08341666666666668,0.08341666666666668,0.003620888472921168,18.105,0.7485151969065158,1.0,0.4032066874227389,0.1423734460830179,4.099795124925513,0.17113333333333336,0.009075562425179694,34.47666666666667,0.4376166511152588,0.9383333333333334,0.4161585401184487,0.10810347720757646,4.026459861530939
31,1.2,0.6,0.8,1.25,0.2,0.0,0.12335833333333332,0.08801666666666667,0.08801666666666667,0.0016327379867368032,19.008333333333336,0.5351245960833173,0.9916666666666667,0.3862153479864365,0.15065647432881898,4.1438834347257085,0.15869999999999998,0.014635829323957001,32.461666666666666,1.9652756380043335,0.9666666666666667,0.41123974707953387,0.11648978036906653,4.046493669406529
32,1.2,0.6,0.8,1.25,0.2,0.1,0.1227166666666667,0.08741666666666668,0.08741666666666668,0.0014364307617610258,18.936666666666667,0.586820529066029,0.9933333333333333,0.38742948398211613,0.1515575085426765,4.139245508706231,0.1580166666666667,0.014878199935924147,32.336666666666666,1.9176635088913114,0.9566666666666667,0.4127338994409375,0.11795132295432892,4.048844247739764
33,1.2,0.6,1.35,1.25,0.2,0.0,0.11603333333333334,0.08356666666666668,0.08356666666666668,0.002193931022920583,18.44,0.16454482671904416,1.0,0.40198296076392714,0.14896500842392404,4.117405192293205,0.1485,0.013415382961361936,31.05666666666666,1.9125659030039543,0.9733333333333333,0.41824723720534024,0.1172708757760867,4.037658273804623
34,1.2,0.6,1.35,1.25,0.2,0.1,0.11621666666666668,0.08351666666666668,0.08351666666666668,0.002141455891054803,18.435,0.16370705543744943,1.0,0.40214202409140737,0.1492458887292211,4.113077951879121,0.14891666666666667,0.013989043331598238,31.21666666666667,2.1676734840222913,0.9733333333333333,0.41979531147139754,0.11724176827480372,4.03167944927356
35,1.2,0.6,2.0,1.25,0.2,0.0,0.10936666666666667,0.07928333333333333,0.07928333333333333,0.0029771350881902035,17.73,0.30622703995565154,1.0,0.4112680010627716,0.1501819117556337,4.1121089858292015,0.13945,0.012624480187318609,29.37166666666667,1.434436590907153,0.98,0.4221004926434835,0.12137243707160154,4.0432501513087375
36,1.2,0.6,2.0,1.25,0.2,0.1,0.1085916666666667,0.07908333333333335,0.07908333333333335,0.0028936712552280926,17.728333333333335,0.2793444707405777,1.0,0.4110814186161645,0.15089449814981598,4.107204564146923,0.13810000000000003,0.0120038535479237,28.906666666666666,1.65525174318994,0.9816666666666668,0.4215096361457811,0.1217668704100266,4.0437251521470685
37,1.6,0.0,0.8,1.25,0.2,0.0,0.13593333333333332,0.10525,0.10525,0.005174698058824304,18.676666666666666,0.6274020507882755,1.0,0.30672349392588094,0.13596027857663842,4.311500836120199,0.16661666666666666,0.00456079305969184,30.086666666666662,0.7886750492651153,0.9866666666666667,0.3420132832339083,0.11977775628229927,4.2413843064852195
38,1.6,0.0,0.8,1.25,0.2,0.1,0.13473333333333332,0.10473333333333334,0.10473333333333334,0.005203444372080223,18.63,0.60605280298007,1.0,0.30872828019071696,0.13625529085197388,4.3029952884585505,0.16473333333333331,0.0041621308645131815,29.848333333333333,0.4050102879351762,0.9883333333333333,0.3460872515611877,0.11895056246421658,4.233493268467469
39,1.6,0.0,1.35,1.25,0.2,0.0,0.14570833333333336,0.10411666666666668,0.10411666666666668,0.004864754190432777,19.150000000000002,0.7278220936465166,1.0,0.32737333484230957,0.1327934319113042,4.256118431147275,0.18730000000000002,0.0017895530168173242,34.446666666666665,0.35736302737319414,0.9633333333333334,0.3574843308583861,0.1142073847757802,4.1845673713276925
40,1.6,0.0,1.35,1.25,0.2,0.1,0.14490833333333333,0.10345,0.10345,0.005282754963085071,19.0,0.746391318277483,1.0,0.3285156225218946,0.13299066768219459,4.247333938978207,0.18636666666666668,0.000431083905212583,34.36000000000001,0.4275511665286387,0.9633333333333334,0.35803691546389066,0.11362764788008872,4.180963419209427
41,1.6,0.0,2.0,1.25,0.2,0.0,0.137025,0.09916666666666668,0.09916666666666668,0.004964457002868828,18.976666666666663,0.9543365933114661,1.0,0.3519848204747725,0.13286802071195214,4.222530686382133,0.17488333333333336,0.008426495910717152,33.85333333333333,0.7583095234357372,0.9766666666666666,0.38433374073913756,0.11519005595401621,4.147218502423286
42,1.6,0.0,2.0,1.25,0.2,0.1,0.13675833333333334,0.09835,0.09835,0.004644620544242549,18.878333333333334,0.9021132597037544,1.0,0.35443012982816136,0.1330713388625742,4.215400273004325,0.1751666666666667,0.005870335027350075,33.848333333333336,0.296704117486317,0.9733333333333333,0.3852310719169214,0.11506043895675215,4.146122994561801
43,1.6,0.3,0.8,1.25,0.2,0.0,0.14700000000000002,0.1029166666666667,0.1029166666666667,0.0051159880114532395,18.919999999999998,0.8874542241715901,1.0,0.3239068924258279,0.13590379240862194,4.276746145708319,0.19108333333333336,0.012330990768520326,34.475,1.0876925116962073,0.96,0.35618199886357654,0.10780373200570693,4.1817614819761095
44,1.6,0.3,0.8,1.25,0.2,0.1,0.14525833333333335,0.10215,0.10215,0.004814301610825812,18.808333333333334,0.8519731998914825,1.0,0.3257254614422174,0.13631692089954017,4.268286270504146,0.18836666666666668,0.013209308586498146,34.166666666666664,1.1646065143787108,0.965,0.358834417235067,0.10771264652771867,4.175466654918426
45,1.6,0.3,1.35,1.25,0.2,0.0,0.15300833333333333,0.1024,0.1024,0.004327817001676483,19.301666666666666,0.5570083781536261,1.0,0.33672960057181583,0.13393666179895736,4.236857133479856,0.20361666666666667,0.01104279553977766,37.251666666666665,0.6569690505140519,0.9333333333333335,0.36961815083133337,0.1038732461471329,4.140478795518328
46,1.6,0.3,1.35,1.25,0.2,0.1,0.1524916666666667,0.10166666666666668,0.10166666666666668,0.004055962688848773,19.286666666666665,0.6013803566241032,1.0,0.3402285295748862,0.1337767301424103,4.22721472076323,0.20331666666666667,0.010372359101638053,37.315,0.7326151786579391,0.9333333333333332,0.37119370310812827,0.10319346149459648,4.134884707958661
47,1.6,0.3,2.0,1.25,0.2,0.0,0.14648333333333335,0.09673333333333334,0.09673333333333334,0.00433195490896816,19.075,0.7548012983560638,1.0,0.3633969960735868,0.13387516148885117,4.199375792762095,0.19623333333333334,0.008387838418408728,37.61666666666667,0.4625563028792622,0.915,0.3935175495042902,0.1049664537488026,4.110793935150769
48,1.6,0.3,2.0,1.25,0.2,0.1,0.14654166666666668,0.09601666666666668,0.09601666666666668,0.003918013952672104,19.046666666666667,0.767875858022202,1.0,0.36690171774299984,0.1337375664538576,4.192275610064256,0.1970666666666667,0.009438396756511853,38.21333333333333,0.6975910932153127,0.9066666666666667,0.397823419776767,0.10319485189722848,4.097171981430237
49,1.6,0.6,0.8,1.25,0.2,0.0,0.13475,0.09638333333333333,0.09638333333333333,0.0031659648345067474,18.675,0.23404059476936936,1.0,0.3473856633644114,0.1439731271861435,4.2383094285192096,0.17311666666666667,0.013560451074110113,32.71666666666667,1.568489188146775,0.9716666666666667,0.37965804258101393,0.11331985065517253,4.129514813118217
50,1.6,0.6,0.8,1.25,0.2,0.1,0.13440833333333335,0.09578333333333335,0.09578333333333335,0.0032803709139872044,18.548333333333336,0.06370504951205336,1.0,0.34840001750343036,0.1446592274784395,4.232502251464816,0.17303333333333337,0.011217880073050045,32.75666666666667,1.3123007785310996,0.9700000000000001,0.3809047265611454,0.11318227156265565,4.125066338712229
51,1.6,0.6,1.35,1.25,0.2,0.0,0.13430833333333334,0.09590000000000003,0.09590000000000003,0.0029253204952620192,19.315,0.19313207915827924,1.0,0.3674798903136145,0.13822114005755015,4.18491388214222,0.17271666666666666,0.015502123510452801,33.58833333333333,1.58206615959426,0.9633333333333334,0.3876106024420956,0.11174881905180196,4.117461907533946
52,1.6,0.6,1.35,1.25,0.2,0.1,0.13282500000000003,0.09523333333333334,0.09523333333333334,0.002976715191840389,19.215,0.2343074902771992,1.0,0.3676272580105106,0.1391365403533197,4.184991917676854,0.1704166666666667,0.01553579200856312,33.15833333333334,1.46707475383272,0.9700000000000001,0.3877557043964239,0.11194009077800883,4.118493649593783
53,1.6,0.6,2.0,1.25,0.2,0.0,0.128425,0.09050000000000002,0.09050000000000002,0.003650000000000001,18.958333333333332,0.38711540053753174,1.0,0.39099446660963877,0.13725647301982133,4.1552357428821125,0.16635,0.01087140745257946,32.968333333333334,0.9939357792801972,0.9683333333333333,0.3957463270327399,0.11298214612704006,4.113008197635943
54,1.6,0.6,2.0,1.25,0.2,0.1,0.1271,0.08995000000000002,0.08995000000000002,0.003508560958569771,18.885,0.27932955446926744,1.0,0.3920182354545205,0.1379700043066694,4.153281330804922,0.16424999999999998,0.011757976016304841,32.541666666666664,1.1050603301781012,0.9700000000000001,0.39582658001150134,0.11314212803020672,4.111711615896012
