rank_input_order,horizon,velocity_window,action_grid,discount,boundary_guard,effort_weight,smoothness_weight,collision_penalty,oob_penalty,score_mean_tiz,score_min_tiz,scripted_tiz_mean,scripted_tiz_std,scripted_episode_length_mean,scripted_episode_length_std,scripted_catch_rate,scripted_too_close_rate,scripted_too_far_rate,scripted_avg_distance_mean,h1_tiz_mean,h1_tiz_std,h1_episode_length_mean,h1_episode_length_std,h1_catch_rate,h1_too_close_rate,h1_too_far_rate,h1_avg_distance_mean
1,3,2,"-1.0,-0.5,0.0,0.5,1.0",0.95,0.2,0.0,0.0,40.0,80.0,0.19716666666666668,0.13796666666666668,0.13796666666666668,0.003000555504124744,22.626666666666665,0.49369356217529725,1.0,0.3287664520660094,0.07045702328732772,3.9927249229165938,0.2563666666666667,0.01054055659504435,39.73,1.2278029157808668,0.9,0.34490154466135525,0.05586459094012868,3.921606573421128
2,3,2,"-1.0,-0.5,0.0,0.5,1.0",0.95,0.2,0.0,0.0,80.0,80.0,0.20328333333333337,0.13926666666666668,0.13926666666666668,0.0017156145643276958,23.203333333333333,0.2891942830232532,1.0,0.34195028384056486,0.06861947053742841,3.9662663154193485,0.26730000000000004,0.009853425800197577,42.24666666666667,1.6082392027721917,0.8866666666666667,0.35509210198824964,0.054705153392654145,3.9010539879819377
3,3,2,"-1.0,-0.5,0.0,0.5,1.0",0.95,0.2,0.0,0.05,40.0,80.0,0.19765,0.13996666666666668,0.13996666666666668,0.003007213549672404,22.666666666666668,0.5314445722117529,1.0,0.3269366222471063,0.071734726651907,3.9999397904690213,0.2553333333333333,0.008775154319630678,39.373333333333335,2.058308366920109,0.9033333333333333,0.34610840719506447,0.05422225714586137,3.9095622621899424
4,3,2,"-1.0,-0.5,0.0,0.5,1.0",0.95,0.2,0.0,0.05,80.0,80.0,0.20183333333333336,0.14123333333333335,0.14123333333333335,0.002417298767908784,23.25666666666667,0.4015387071420794,1.0,0.34079639274315093,0.06979518727866739,3.9729270357532065,0.26243333333333335,0.0031533051443419302,41.35,1.2156891049935423,0.8866666666666667,0.3599733641290503,0.05377104467311294,3.8920106407743957
5,3,2,"-1.0,-0.5,0.0,0.5,1.0",0.95,0.2,0.02,0.0,40.0,80.0,0.19456666666666667,0.14266666666666666,0.14266666666666666,0.0055536774603260385,23.28333333333333,1.010461940566458,0.9899999999999999,0.3263240469590695,0.07505957756370303,4.027437694777974,0.24646666666666664,0.015223118384001784,39.23,1.1212047092302113,0.89,0.3518736749081564,0.05928036146222804,3.919609914114217
6,3,2,"-1.0,-0.5,0.0,0.5,1.0",0.95,0.2,0.02,0.0,80.0,80.0,0.20003333333333334,0.1433,0.1433,0.005702630971753298,23.77,1.1274307074051162,0.9899999999999999,0.33898020938414913,0.073071066995969,4.0034507019407215,0.25676666666666664,0.01367491620937154,41.88333333333333,0.31069813860615847,0.8866666666666667,0.36650204794206437,0.05718604934790189,3.891863343870566
7,3,2,"-1.0,-0.5,0.0,0.5,1.0",0.95,0.2,0.02,0.05,40.0,80.0,0.2015,0.14456666666666665,0.14456666666666665,0.0024006943440041256,23.77,0.5311308689955803,0.98,0.33134262386083985,0.07384959354998615,4.01300347514526,0.25843333333333335,0.009862217465323559,40.11666666666667,1.0428966072115367,0.8733333333333334,0.34795879719781714,0.05534660629006825,3.9120202681390364
8,3,2,"-1.0,-0.5,0.0,0.5,1.0",0.95,0.2,0.02,0.05,80.0,80.0,0.2090333333333333,0.14493333333333333,0.14493333333333333,0.0025166114784235874,24.179999999999996,0.5597320787662613,0.98,0.34411632169852663,0.07231557322011783,3.9902009670269503,0.2731333333333333,0.006703978918025733,43.38666666666666,1.0206043960973976,0.8466666666666667,0.3659687127856132,0.0526298622516706,3.874189059083625
9,3,4,"-1.0,-0.5,0.0,0.5,1.0",0.95,0.2,0.0,0.0,40.0,80.0,0.1959333333333333,0.14326666666666665,0.14326666666666665,0.007518200139217731,23.383333333333336,1.115407249991381,0.9966666666666667,0.3281194078456657,0.07141580775287952,3.9947514001585716,0.24859999999999996,0.019050459312048098,38.96666666666667,2.0419680049729827,0.9066666666666667,0.34463913105783145,0.05793591513978567,3.933467304749545
10,3,4,"-1.0,-0.5,0.0,0.5,1.0",0.95,0.2,0.0,0.0,80.0,80.0,0.20056666666666667,0.14370000000000002,0.14370000000000002,0.007351190379795629,23.833333333333332,1.0623715608643385,0.9966666666666667,0.34145928145513343,0.0699011530516476,3.970358413138662,0.25743333333333335,0.015646511858345074,40.873333333333335,1.4629194555180869,0.8833333333333333,0.3591677614869857,0.05536383833500849,3.905795375204756
11,3,4,"-1.0,-0.5,0.0,0.5,1.0",0.95,0.2,0.0,0.05,40.0,80.0,0.19583333333333336,0.1416666666666667,0.1416666666666667,0.004214656965084266,23.37,0.29206163733020396,1.0,0.3328302243041685,0.07289062285327898,3.9908608688060454,0.25,0.014144610280951533,39.663333333333334,1.413022764619642,0.9033333333333333,0.3549980377546063,0.056092311370992465,3.908278988963577
12,3,4,"-1.0,-0.5,0.0,0.5,1.0",0.95,0.2,0.0,0.05,80.0,80.0,0.1996166666666667,0.14196666666666669,0.14196666666666669,0.0042594991880892845,23.8,0.3758989225842501,1.0,0.34616533488456364,0.07122348943876357,3.965475760285758,0.2572666666666667,0.006652317891782775,41.70666666666667,0.3181718613160676,0.9033333333333333,0.36946129078764484,0.05381043532642105,3.8800646339058082
13,3,4,"-1.0,-0.5,0.0,0.5,1.0",0.95,0.2,0.02,0.0,40.0,80.0,0.20123333333333332,0.14703333333333332,0.14703333333333332,0.005244362052083497,23.959999999999997,0.5483611948342076,0.9933333333333333,0.3277145338629874,0.07463830710796204,4.019836343239714,0.25543333333333335,0.01564299630292528,41.64333333333334,2.2684429314693664,0.8633333333333333,0.36055218614599527,0.05582221347175914,3.8972420580565044
14,3,4,"-1.0,-0.5,0.0,0.5,1.0",0.95,0.2,0.02,0.0,80.0,80.0,0.20395,0.1471,0.1471,0.006022457969965425,24.323333333333334,0.8632689808705826,0.9899999999999999,0.34032494847252975,0.07317721802795472,3.9946055168765398,0.2608,0.018167828709011957,43.06999999999999,2.6374040266898837,0.8766666666666666,0.3756015370787893,0.05399140705108704,3.8719174542774404
15,3,4,"-1.0,-0.5,0.0,0.5,1.0",0.95,0.2,0.02,0.05,40.0,80.0,0.20255,0.14923333333333333,0.14923333333333333,0.005351946686331383,24.56,0.7617742447733448,0.9833333333333334,0.3316029771367665,0.07326506524786477,4.0085579054948814,0.2558666666666667,0.004923751956926092,40.57333333333333,0.9183862658671113,0.87,0.35398839261105824,0.05583909426267924,3.9045331286828238
16,3,4,"-1.0,-0.5,0.0,0.5,1.0",0.95,0.2,0.02,0.05,80.0,80.0,0.20905,0.15096666666666667,0.15096666666666667,0.004617719494873339,25.209999999999997,0.42035699113967373,0.9833333333333334,0.3446736771217865,0.07198304384467985,3.983635459662141,0.26713333333333333,0.007338483040338342,43.470000000000006,0.3278719262150993,0.8566666666666666,0.3716640762240185,0.052027072404771606,3.8673083373370116
17,3,6,"-1.0,-0.5,0.0,0.5,1.0",0.95,0.2,0.0,0.0,40.0,80.0,0.1983833333333333,0.13546666666666665,0.13546666666666665,0.0011547005383792527,22.31,0.5461684721768537,0.9966666666666667,0.33014065136083465,0.07307340159166346,4.0030172504888135,0.2613,0.018295354601646874,41.73666666666667,2.7682906880118883,0.8833333333333333,0.3545071993842115,0.05369023713401807,3.9008742618603436
18,3,6,"-1.0,-0.5,0.0,0.5,1.0",0.95,0.2,0.0,0.0,80.0,80.0,0.20198333333333335,0.13576666666666667,0.13576666666666667,0.0010785793124908978,22.69,0.5428627819256001,0.9966666666666667,0.3412306484361469,0.07173035618275743,3.9846272188199947,0.2682,0.018020266368730532,43.26666666666667,2.643961673953186,0.87,0.36668552377519853,0.05247322680846527,3.8816608607725507
19,3,6,"-1.0,-0.5,0.0,0.5,1.0",0.95,0.2,0.0,0.05,40.0,80.0,0.20365,0.1389,0.1389,0.0015394804318340804,22.763333333333332,0.7050059101407119,1.0,0.33015280003748076,0.0729289726481773,3.99510271061737,0.2684,0.009643650760992932,42.48666666666667,1.7739879744049376,0.8733333333333334,0.35464946613712645,0.05632195880596642,3.910007844919946
20,3,6,"-1.0,-0.5,0.0,0.5,1.0",0.95,0.2,0.0,0.05,80.0,80.0,0.2043,0.13913333333333333,0.13913333333333333,0.0015695009822658233,23.19333333333333,0.7778388864882841,1.0,0.34311967564705514,0.0713991422970643,3.9737120274973123,0.2694666666666667,0.015021429137513292,43.28,2.9000517236766643,0.8666666666666667,0.36683787777404336,0.05334629050575734,3.883758332654885
21,3,6,"-1.0,-0.5,0.0,0.5,1.0",0.95,0.2,0.02,0.0,40.0,80.0,0.20148333333333335,0.14303333333333335,0.14303333333333335,0.004221768981521043,23.396666666666665,0.17097758137642985,0.9966666666666667,0.32744445412785544,0.07485641867996666,4.025369382268377,0.25993333333333335,0.021848188330690823,42.36,3.760465396729503,0.87,0.36295668303030104,0.05662952354567077,3.899036873999677
22,3,6,"-1.0,-0.5,0.0,0.5,1.0",0.95,0.2,0.02,0.0,80.0,80.0,0.20108333333333334,0.1421,0.1421,0.0033421549934136707,23.570000000000004,0.24269322199023147,0.9966666666666667,0.338461249373249,0.07373689801891167,4.0077362032864,0.26006666666666667,0.019360096418492678,42.57333333333333,3.1300212991820584,0.87,0.3716046800644887,0.05528098058585686,3.8852197788194083
23,3,6,"-1.0,-0.5,0.0,0.5,1.0",0.95,0.2,0.02,0.05,40.0,80.0,0.21148333333333336,0.14693333333333333,0.14693333333333333,0.004834597535817585,24.213333333333335,0.9867792728535265,0.9833333333333334,0.3333960362715027,0.07446886233957235,4.011725551291517,0.27603333333333335,0.008333866649601068,44.14666666666667,1.8961627918861126,0.86,0.36133371900898786,0.053725627111686415,3.8864810126661165
24,3,6,"-1.0,-0.5,0.0,0.5,1.0",0.95,0.2,0.02,0.05,80.0,80.0,0.21289999999999998,0.14796666666666666,0.14796666666666666,0.0036073998022583204,24.69,0.7989993742175268,0.9833333333333334,0.3444808331792904,0.07316791884371936,3.9951132244550522,0.2778333333333333,0.011443047379668279,44.72333333333333,2.680006218898257,0.8533333333333334,0.37093739867893133,0.05185933823149482,3.8681156176406293
25,5,2,"-1.0,-0.5,0.0,0.5,1.0",0.95,0.2,0.0,0.0,40.0,80.0,0.14288333333333333,0.11259999999999999,0.11259999999999999,0.00711898869222309,19.133333333333333,1.0625127450215988,1.0,0.34236774067428827,0.09062144455882366,3.9727654542890303,0.1731666666666667,0.0063846169292552804,30.94333333333333,0.9455333591858798,0.9533333333333333,0.39879159487653876,0.07112722690588981,3.8248698850628124
26,5,2,"-1.0,-0.5,0.0,0.5,1.0",0.95,0.2,0.0,0.0,80.0,80.0,0.14958333333333335,0.11456666666666666,0.11456666666666666,0.006767815994346582,19.900000000000002,1.158835622510802,1.0,0.3591456293439628,0.08753625155589924,3.9392874760361685,0.18460000000000001,0.007175653280364095,33.916666666666664,1.1225566058481558,0.9366666666666665,0.4199582411967966,0.06724316571387375,3.77690078399373
27,5,2,"-1.0,-0.5,0.0,0.5,1.0",0.95,0.2,0.0,0.05,40.0,80.0,0.14185000000000003,0.11206666666666666,0.11206666666666666,0.006217984668148778,18.753333333333334,1.1021040483245361,1.0,0.33616959571683386,0.09179816403444813,3.984203426836332,0.1716333333333334,0.005499393905998452,30.41333333333333,0.8050672849727113,0.96,0.3944677078323063,0.07253771987431382,3.842898910060754
28,5,2,"-1.0,-0.5,0.0,0.5,1.0",0.95,0.2,0.0,0.05,80.0,80.0,0.14526666666666668,0.11416666666666668,0.11416666666666668,0.006099453527434514,19.59,1.182032148462976,1.0,0.3538325766978225,0.08848013942672295,3.946256319609354,0.17636666666666667,0.011690309377143633,32.52333333333333,2.283031610235245,0.9566666666666667,0.4174214161729454,0.06893849272810777,3.793485835261208
29,5,2,"-1.0,-0.5,0.0,0.5,1.0",0.95,0.2,0.02,0.0,40.0,80.0,0.14468333333333333,0.11413333333333332,0.11413333333333332,0.005632347053700912,19.636666666666667,1.0785329542175948,1.0,0.349898648753826,0.09132452742419446,3.9737014443843357,0.17523333333333335,0.005688878038184126,31.366666666666664,0.300055550412475,0.9499999999999998,0.4030587076541808,0.07268548257639537,3.8291307339004135
30,5,2,"-1.0,-0.5,0.0,0.5,1.0",0.95,0.2,0.02,0.0,80.0,80.0,0.1501666666666667,0.11626666666666667,0.11626666666666667,0.005772636601530827,20.453333333333333,1.2703280416228449,1.0,0.36737789248701475,0.087881315464732,3.934734654706786,0.1840666666666667,0.0047648014998878,33.63333333333333,1.2306637775336262,0.93,0.41906175042304566,0.0696203543892212,3.7925475076037998
31,5,2,"-1.0,-0.5,0.0,0.5,1.0",0.95,0.2,0.02,0.05,40.0,80.0,0.14285000000000003,0.11193333333333334,0.11193333333333334,0.005960145412096378,19.206666666666667,1.0227577099847902,1.0,0.34679029877490003,0.09376262420504106,3.9853486930352453,0.1737666666666667,0.010886842211281163,31.093333333333334,1.7835451587591884,0.9533333333333333,0.40076735426157867,0.07206579034386869,3.8338955614209946
32,5,2,"-1.0,-0.5,0.0,0.5,1.0",0.95,0.2,0.02,0.05,80.0,80.0,0.14826666666666666,0.11403333333333333,0.11403333333333333,0.006087966272355116,19.930000000000003,1.1248110952511086,1.0,0.3627883958801403,0.09042596393261519,3.948935896873819,0.1825,0.008937001734362566,33.39,1.3299999999999985,0.93,0.4174250932153784,0.06891648806870211,3.795182682690518
33,5,4,"-1.0,-0.5,0.0,0.5,1.0",0.95,0.2,0.0,0.0,40.0,80.0,0.13940000000000002,0.11720000000000001,0.11720000000000001,0.006620422947214182,20.07,1.198165264060012,1.0,0.3464040681030311,0.08986630731979796,3.966732926306893,0.16160000000000002,0.012538341198101146,28.53333333333333,1.9370166063648835,0.9733333333333333,0.3857166925360625,0.07545945890347884,3.8659288842029063
34,5,4,"-1.0,-0.5,0.0,0.5,1.0",0.95,0.2,0.0,0.0,80.0,80.0,0.14415,0.11896666666666667,0.11896666666666667,0.006001111008249517,20.653333333333332,1.1581162866194965,1.0,0.35855326086424527,0.0871432902024188,3.940369715273929,0.16933333333333334,0.010450518328453078,30.55666666666667,1.5612921998566878,0.9666666666666667,0.402733162183982,0.07284878215692414,3.829258795716323
35,5,4,"-1.0,-0.5,0.0,0.5,1.0",0.95,0.2,0.0,0.05,40.0,80.0,0.14123333333333335,0.11626666666666667,0.11626666666666667,0.005225259164226531,19.883333333333336,1.1645313792823848,1.0,0.3454864327353866,0.08958163980208546,3.9644287094988067,0.16620000000000001,0.006286493458200696,29.26,0.7562407024221851,0.9766666666666666,0.38552408275415556,0.07414626220919802,3.8665909205526625
36,5,4,"-1.0,-0.5,0.0,0.5,1.0",0.95,0.2,0.0,0.05,80.0,80.0,0.14756666666666668,0.11876666666666669,0.11876666666666669,0.004891148467725497,20.576666666666664,1.0623715608643396,1.0,0.35693399771677514,0.08665861484716958,3.936728996909768,0.17636666666666667,0.005185878260558513,31.756666666666664,0.4423045707805117,0.9633333333333334,0.4009492401943015,0.07155558971655078,3.8318612822837683
37,5,4,"-1.0,-0.5,0.0,0.5,1.0",0.95,0.2,0.02,0.0,40.0,80.0,0.14791666666666667,0.12146666666666668,0.12146666666666668,0.004142865353029643,21.276666666666667,0.49541228621556643,0.9966666666666667,0.3549019577875175,0.09126584806627898,3.968722756878527,0.17436666666666667,0.009265167744479004,31.386666666666667,1.5617404820690697,0.9533333333333333,0.39543322868152786,0.07306470356979809,3.8574486383398803
38,5,4,"-1.0,-0.5,0.0,0.5,1.0",0.95,0.2,0.02,0.0,80.0,80.0,0.15396666666666664,0.12376666666666669,0.12376666666666669,0.0021221058723196093,22.03,0.3099999999999995,0.9966666666666667,0.3694800190990895,0.08826330549143992,3.934868037408798,0.18416666666666662,0.005484827557301466,33.75666666666667,1.1399268982409938,0.9433333333333334,0.4132090260575738,0.0699975234547212,3.8191201377630697
39,5,4,"-1.0,-0.5,0.0,0.5,1.0",0.95,0.2,0.02,0.05,40.0,80.0,0.14933333333333332,0.11959999999999998,0.11959999999999998,0.0017521415467935313,20.873333333333335,0.43500957843860427,0.9933333333333333,0.35379134147871727,0.09181832719287493,3.973168050286112,0.17906666666666668,0.017917124025170286,32.160000000000004,2.4883930557691234,0.9366666666666666,0.399962905908911,0.07124847481679879,3.8399528607955453
40,5,4,"-1.0,-0.5,0.0,0.5,1.0",0.95,0.2,0.02,0.05,80.0,80.0,0.1532,0.12163333333333333,0.12163333333333333,0.0012897028081435423,21.563333333333333,0.7750053763254363,0.9933333333333333,0.367024512643302,0.08931465405672388,3.9464399896883555,0.18476666666666666,0.018457067300449794,33.94333333333333,2.188157520228681,0.9366666666666665,0.41702363778918344,0.06843307027700271,3.804701362271084
41,5,6,"-1.0,-0.5,0.0,0.5,1.0",0.95,0.2,0.0,0.0,40.0,80.0,0.14301666666666668,0.11766666666666668,0.11766666666666668,0.006035174672976196,20.709999999999997,1.2365678307314962,0.9966666666666667,0.3546629468988853,0.08850532042011944,3.953327071669019,0.16836666666666666,0.013569205331681494,30.49,2.4262522539917395,0.9433333333333334,0.3947441659647999,0.07300748057473964,3.8475141486171367
42,5,6,"-1.0,-0.5,0.0,0.5,1.0",0.95,0.2,0.0,0.0,80.0,80.0,0.14755000000000001,0.11916666666666668,0.11916666666666668,0.006543189843901311,21.25,1.4077997016621362,0.9966666666666667,0.3661577423582516,0.08562555645805074,3.9246428974548704,0.17593333333333336,0.0132322837535073,32.32666666666667,2.375338572358335,0.9366666666666666,0.41029287688522703,0.07039275069473021,3.81258934505518
43,5,6,"-1.0,-0.5,0.0,0.5,1.0",0.95,0.2,0.0,0.05,40.0,80.0,0.14123333333333335,0.115,0.115,0.004807286136688775,20.006666666666664,0.9957074536897539,0.9966666666666667,0.3487603984880688,0.08961980768206858,3.9653630549868577,0.16746666666666668,0.017949187539644623,30.546666666666667,3.9187030167305794,0.9499999999999998,0.3967474604490178,0.07367135420450314,3.8466278955106112
44,5,6,"-1.0,-0.5,0.0,0.5,1.0",0.95,0.2,0.0,0.05,80.0,80.0,0.14756666666666668,0.11643333333333335,0.11643333333333335,0.005896043871388109,20.496666666666666,1.1754715365900337,0.9966666666666667,0.35876813894937903,0.0870654078962242,3.940657638202276,0.1787,0.01364697768738559,32.96,3.1053663229963715,0.9499999999999998,0.41247191694316143,0.07122347936022362,3.812549804075769
45,5,6,"-1.0,-0.5,0.0,0.5,1.0",0.95,0.2,0.02,0.0,40.0,80.0,0.14705000000000001,0.11873333333333334,0.11873333333333334,0.005517547764481371,21.013333333333332,0.8085377748338882,0.9966666666666667,0.3577318150020404,0.0911326307775167,3.9687829376151416,0.17536666666666667,0.009602777376016476,32.483333333333334,2.350007092187881,0.9533333333333335,0.40773753153130055,0.0699187876878543,3.8274633734523724
46,5,6,"-1.0,-0.5,0.0,0.5,1.0",0.95,0.2,0.02,0.0,80.0,80.0,0.15076666666666666,0.11996666666666667,0.11996666666666667,0.005723926391327303,21.52,0.8764131445842177,0.9966666666666667,0.3700806949354398,0.08846118729284237,3.9367896397967215,0.18156666666666665,0.011090686783663763,34.14333333333334,2.1825062046494454,0.9466666666666667,0.4218251674362857,0.0679348201369712,3.7986751593512693
47,5,6,"-1.0,-0.5,0.0,0.5,1.0",0.95,0.2,0.02,0.05,40.0,80.0,0.14965,0.11769999999999999,0.11769999999999999,0.002740437921208947,20.91,0.11532562594670827,0.9933333333333333,0.35652437275061905,0.09251629940472873,3.9753438712593465,0.1816,0.010887148386974441,32.76,2.6512827084262436,0.9366666666666666,0.3987835073616777,0.07187925005251093,3.8508481325839075
48,5,6,"-1.0,-0.5,0.0,0.5,1.0",0.95,0.2,0.02,0.05,80.0,80.0,0.15388333333333332,0.11896666666666667,0.11896666666666667,0.0029399546481762863,21.39333333333333,0.18583146486355284,0.9933333333333333,0.36725367574389645,0.09012463515212299,3.9476982023794727,0.1888,0.006449030934954469,34.6,1.981211750419425,0.9166666666666666,0.4143726398814613,0.06977774952096391,3.81845084916328
49,7,2,"-1.0,-0.5,0.0,0.5,1.0",0.95,0.2,0.0,0.0,40.0,80.0,0.09201666666666666,0.07986666666666666,0.07986666666666666,0.0014294521094927756,16.253333333333334,0.5081666393353006,1.0,0.42034757544915813,0.10968149179098984,3.9023695064053006,0.10416666666666669,0.006033517492585357,21.18,1.614558763253911,1.0,0.4502506484938473,0.09028524793475366,3.7877936056231007
50,7,2,"-1.0,-0.5,0.0,0.5,1.0",0.95,0.2,0.0,0.0,80.0,80.0,0.09551666666666667,0.08073333333333334,0.08073333333333334,0.001514375558880078,17.06,0.5788782255362519,1.0,0.438778338739546,0.1059654385448607,3.8525353734718735,0.11030000000000001,0.00543415126767742,23.813333333333333,1.2548041015765503,0.9866666666666667,0.4733846348440713,0.08644209055488809,3.732558162167076
51,7,2,"-1.0,-0.5,0.0,0.5,1.0",0.95,0.2,0.0,0.05,40.0,80.0,0.09401666666666667,0.08033333333333333,0.08033333333333333,0.001517673658377623,16.24666666666667,0.5115988011453251,1.0,0.41831418626684186,0.10836674028262312,3.8975985209180237,0.10770000000000002,0.0019924858845171527,21.959999999999997,0.5729746940310719,0.9866666666666667,0.4511070613349791,0.08985434197903719,3.787714370992853
52,7,2,"-1.0,-0.5,0.0,0.5,1.0",0.95,0.2,0.0,0.05,80.0,80.0,0.09641666666666668,0.0812,0.0812,0.0016822603841260759,17.0,0.6129437168288789,1.0,0.43523875470656526,0.10470958326415815,3.852261631832089,0.11163333333333335,0.0018823743871327495,24.233333333333334,0.3421013495052805,0.98,0.47483543811809376,0.08589785913845693,3.7310219244223894
53,7,2,"-1.0,-0.5,0.0,0.5,1.0",0.95,0.2,0.02,0.0,40.0,80.0,0.09316666666666668,0.07990000000000001,0.07990000000000001,0.001899999999999999,16.253333333333334,0.4878865988458114,1.0,0.4188710487173433,0.11057174889260278,3.910468327710911,0.10643333333333334,0.002702468007827921,22.293333333333333,0.551392177432119,0.9933333333333333,0.4557021246900021,0.09278912515361905,3.787960342925692
54,7,2,"-1.0,-0.5,0.0,0.5,1.0",0.95,0.2,0.02,0.0,80.0,80.0,0.09468333333333334,0.08040000000000001,0.08040000000000001,0.0023065125189341636,16.883333333333333,0.7086842268128539,1.0,0.43581347676280285,0.10738845385202188,3.867417734084824,0.10896666666666667,0.0029905406423142667,23.826666666666664,0.3442867022313429,0.9833333333333334,0.47168775183089484,0.08914724062483627,3.745699062754111
55,7,2,"-1.0,-0.5,0.0,0.5,1.0",0.95,0.2,0.02,0.05,40.0,80.0,0.09361666666666667,0.07973333333333334,0.07973333333333334,0.0019008769905844328,16.19,0.3235737937472688,1.0,0.4190573020218796,0.1110458130718331,3.9140084829258726,0.1075,0.004775981574503838,22.63,1.486842291569621,0.9933333333333333,0.45619438182069155,0.09246999629923487,3.7878405522498126
56,7,2,"-1.0,-0.5,0.0,0.5,1.0",0.95,0.2,0.02,0.05,80.0,80.0,0.09593333333333334,0.08023333333333334,0.08023333333333334,0.0022030282189144205,16.790000000000003,0.5106858133921481,1.0,0.43467031636396714,0.10808389631197683,3.8743872994766897,0.11163333333333335,0.00608714492462054,24.400000000000002,1.880531839666642,0.98,0.47307439018260383,0.08809791745913571,3.740879969834623
57,7,4,"-1.0,-0.5,0.0,0.5,1.0",0.95,0.2,0.0,0.0,40.0,80.0,0.09313333333333335,0.07923333333333332,0.07923333333333332,0.0017039170558842832,15.920000000000002,0.6421059102671456,1.0,0.41447093229437537,0.11033067185496866,3.921545876590996,0.10703333333333336,0.0014571661996263202,21.89,0.5284884104689523,0.9899999999999999,0.4437718476550985,0.09166262502219573,3.8171889694447843
58,7,4,"-1.0,-0.5,0.0,0.5,1.0",0.95,0.2,0.0,0.0,80.0,80.0,0.09265000000000001,0.07940000000000001,0.07940000000000001,0.0016462077633154397,16.220000000000002,0.7005711955254803,1.0,0.4241955632950278,0.10808047129190242,3.8960341485218994,0.1059,0.0035042830935870565,22.34,0.8277680834629962,0.9933333333333333,0.4574027888154492,0.08849563197328568,3.782332128482151
59,7,4,"-1.0,-0.5,0.0,0.5,1.0",0.95,0.2,0.0,0.05,40.0,80.0,0.09336666666666667,0.07993333333333333,0.07993333333333333,0.001379613472438328,15.933333333333332,0.5186842327788017,1.0,0.41219385034576844,0.10934714825410981,3.9204385329495035,0.1068,0.002351595203260959,21.766666666666666,0.3758102358017045,0.9866666666666667,0.4443277042672256,0.09039963797039796,3.814955846920355
60,7,4,"-1.0,-0.5,0.0,0.5,1.0",0.95,0.2,0.0,0.05,80.0,80.0,0.09298333333333333,0.08013333333333333,0.08013333333333333,0.001379613472438328,16.25,0.5781868210189499,1.0,0.42286431522532614,0.10695805459677797,3.891448069476533,0.10583333333333333,0.004001666319589048,22.060000000000002,0.5556077753235655,0.9933333333333333,0.4561737696430163,0.08789719182755475,3.785335657509183
61,7,4,"-1.0,-0.5,0.0,0.5,1.0",0.95,0.2,0.02,0.0,40.0,80.0,0.09236666666666665,0.0801,0.0801,0.0010583005244258403,16.07,0.4257933771208752,1.0,0.41187764535071475,0.11228962840549493,3.931921992940016,0.10463333333333331,0.0057099328659217605,21.963333333333335,0.663651514978556,0.9833333333333334,0.45094606016700567,0.09317534490092272,3.8076079343687437
62,7,4,"-1.0,-0.5,0.0,0.5,1.0",0.95,0.2,0.02,0.0,80.0,80.0,0.09248333333333333,0.08023333333333334,0.08023333333333334,0.0010408329997330652,16.353333333333335,0.4454585652261418,1.0,0.42089742608789255,0.1103192199492169,3.9095267004653347,0.10473333333333334,0.005739628327107388,22.486666666666668,0.9157146571576397,0.9833333333333334,0.4620909994855562,0.0911005140198511,3.780630344721203
63,7,4,"-1.0,-0.5,0.0,0.5,1.0",0.95,0.2,0.02,0.05,40.0,80.0,0.09153333333333333,0.07936666666666667,0.07936666666666667,0.0010408329997330652,16.06,0.3536947836765475,1.0,0.41600299107434263,0.11252977650270012,3.931936039831514,0.1037,0.005040833264451431,21.75,0.5302829433425134,0.9933333333333333,0.45252734912506226,0.09291365203331148,3.8053538412634293
64,7,4,"-1.0,-0.5,0.0,0.5,1.0",0.95,0.2,0.02,0.05,80.0,80.0,0.09158333333333335,0.07943333333333334,0.07943333333333334,0.0010016652800877812,16.4,0.4838388161361175,1.0,0.42688470912705095,0.1100385174678979,3.9027858125286006,0.10373333333333334,0.0041621308645131945,22.099999999999998,0.6302380502635483,0.9933333333333333,0.46195209688309685,0.09086432714109831,3.779332830307588
65,7,6,"-1.0,-0.5,0.0,0.5,1.0",0.95,0.2,0.0,0.0,40.0,80.0,0.09043333333333335,0.07840000000000001,0.07840000000000001,0.0017521415467935248,16.116666666666667,0.3406366588218801,1.0,0.41885903023138366,0.10990071052432204,3.915119722121327,0.10246666666666669,0.0048675798230058236,20.776666666666667,0.9901683358567533,0.9933333333333333,0.44191478219309804,0.09028299741571144,3.815807616100365
66,7,6,"-1.0,-0.5,0.0,0.5,1.0",0.95,0.2,0.0,0.0,80.0,80.0,0.09101666666666666,0.07856666666666667,0.07856666666666667,0.0017616280348965092,16.293333333333333,0.3354598833442434,1.0,0.42477497639280365,0.10861351492622208,3.8987739181532137,0.10346666666666667,0.005036202272877189,21.386666666666667,1.193035344544884,0.9933333333333333,0.44986344437971026,0.08857812284733046,3.7930011500702094
67,7,6,"-1.0,-0.5,0.0,0.5,1.0",0.95,0.2,0.0,0.05,40.0,80.0,0.09035000000000001,0.07853333333333334,0.07853333333333334,0.0015011106998930285,16.116666666666664,0.3323151115031235,1.0,0.4190445478249389,0.10893348880565944,3.909424617273151,0.10216666666666667,0.0056747980874506275,21.173333333333332,1.0585052353830549,0.9966666666666667,0.446864403589557,0.09082087991561187,3.8079876733936477
68,7,6,"-1.0,-0.5,0.0,0.5,1.0",0.95,0.2,0.0,0.05,80.0,80.0,0.09091666666666667,0.0787,0.0787,0.0015099668870541573,16.293333333333333,0.3350124375800596,1.0,0.42479926740917556,0.10773555191938855,3.8934658480849857,0.10313333333333334,0.005350077881053066,21.8,1.1401315713548157,0.9966666666666667,0.455910946665725,0.08881563261387337,3.783214649211633
69,7,6,"-1.0,-0.5,0.0,0.5,1.0",0.95,0.2,0.02,0.0,40.0,80.0,0.09091666666666667,0.07856666666666667,0.07856666666666667,0.001059874206372319,16.08,0.2443358344574118,1.0,0.41490980767499347,0.11283110933934182,3.936737438347832,0.10326666666666667,0.006300264544710276,21.47,1.45192975036673,0.9933333333333333,0.44846495053183183,0.09228537606324917,3.811478336731477
70,7,6,"-1.0,-0.5,0.0,0.5,1.0",0.95,0.2,0.02,0.0,80.0,80.0,0.09151666666666668,0.0787,0.0787,0.0011135528725660089,16.246666666666666,0.27592269448766454,1.0,0.42061492774457926,0.11152265252263917,3.919519542235843,0.10433333333333335,0.007114304838375516,22.01,1.7613631085043204,0.9899999999999999,0.45626118048083875,0.09049821853254052,3.7879670325448145
71,7,6,"-1.0,-0.5,0.0,0.5,1.0",0.95,0.2,0.02,0.05,40.0,80.0,0.09030000000000002,0.0785,0.0785,0.0009165151389911746,16.01,0.22869193252058526,1.0,0.4144757344804027,0.11339750290416069,3.9424267796951056,0.10210000000000002,0.006075360071633629,21.02333333333333,1.2511727831651915,0.9933333333333333,0.445444588348531,0.09315963118463992,3.8195369586836687
72,7,6,"-1.0,-0.5,0.0,0.5,1.0",0.95,0.2,0.02,0.05,80.0,80.0,0.0912,0.07863333333333333,0.07863333333333333,0.0008736894948054124,16.183333333333334,0.23437861108329167,1.0,0.42071526009971927,0.11216088785078586,3.9251418077236035,0.10376666666666667,0.007467485074195556,21.69333333333333,1.4289973174689081,0.9899999999999999,0.4539783775377269,0.09130806675907081,3.793261576779713
