seed,episode_length,tiz,zpd_coverage,too_close_rate,too_far_rate,avg_distance,done_reason
1028702856,100,0.93,0.93,0.05,0.02,4.392995312855063,None
613405068,100,0.91,0.91,0.01,0.08,4.74167104160869,None
2141678661,100,0.89,0.89,0.08,0.03,4.596980810910741,None
4069281269,100,0.84,0.84,0.12,0.04,4.327134878153194,None
3351070943,100,0.83,0.83,0.16,0.01,4.357562558938171,None
519861350,100,0.82,0.82,0.16,0.02,4.480809123439401,None
1588894454,100,0.82,0.82,0.18,0.0,4.175914346042568,None
4086079521,100,0.82,0.82,0.14,0.04,4.481066351918987,None
3398612184,100,0.82,0.82,0.18,0.0,4.305277686083521,None
629618931,100,0.8,0.8,0.2,0.0,4.107079388641792,None
3293135155,100,0.79,0.79,0.14,0.07,4.256674332735946,None
1402695385,100,0.78,0.78,0.19,0.03,4.545866605992562,None
1603189399,100,0.78,0.78,0.16,0.06,4.5338074204771015,None
4099170088,100,0.78,0.78,0.22,0.0,4.140137227325379,None
820247469,100,0.77,0.77,0.15,0.08,4.519540514396832,None
3479342221,100,0.77,0.77,0.12,0.11,4.705840693318274,None
260300325,100,0.76,0.76,0.13,0.11,4.532425804838172,None
1921539732,96,0.75,0.78125,0.21875,0.0,4.2402278314481,Robot Caught
3720169056,100,0.75,0.75,0.17,0.08,4.56854830674508,None
2159352360,97,0.75,0.7731958762886598,0.1958762886597938,0.030927835051546393,4.24540311981549,Robot Caught
3969862085,100,0.74,0.74,0.24,0.02,4.2065455993736585,None
2362208770,100,0.74,0.74,0.26,0.0,4.00694708012624,None
858264567,97,0.73,0.7525773195876289,0.20618556701030927,0.041237113402061855,4.4434380410720875,Robot Caught
648261445,100,0.73,0.73,0.19,0.08,4.557275239829967,None
188980937,100,0.73,0.73,0.27,0.0,3.928105599853534,None
1145822142,100,0.73,0.73,0.27,0.0,4.131453213497334,None
711849736,100,0.73,0.73,0.14,0.13,4.77309567681711,None
2303180942,100,0.73,0.73,0.14,0.13,4.788955202565046,None
2364237469,98,0.72,0.7346938775510204,0.19387755102040816,0.07142857142857142,4.320812283471335,Robot Caught
471407525,100,0.72,0.72,0.25,0.03,4.226331932727353,None
2638809715,100,0.72,0.72,0.21,0.07,4.596937950816927,None
2939096016,100,0.72,0.72,0.27,0.01,4.150560636801202,None
3528086461,95,0.72,0.7578947368421053,0.24210526315789474,0.0,4.2057866983140135,Robot Caught
2041355780,100,0.72,0.72,0.28,0.0,4.09851188479224,None
4072119746,100,0.72,0.72,0.13,0.15,4.903127382678533,None
2589116102,100,0.72,0.72,0.19,0.09,4.72259359300549,None
768662359,100,0.71,0.71,0.28,0.01,4.063195487691752,None
2192327733,92,0.71,0.7717391304347826,0.21739130434782608,0.010869565217391304,4.493856619503607,Robot Caught
4252990240,100,0.71,0.71,0.2,0.09,4.512801750435054,None
3589106001,100,0.7,0.7,0.3,0.0,4.1161951671723385,None
1936814627,100,0.7,0.7,0.14,0.16,4.883535354076303,None
469859927,100,0.7,0.7,0.28,0.02,4.12843284102198,None
148649066,100,0.7,0.7,0.3,0.0,3.9312959245282655,None
508503124,100,0.7,0.7,0.18,0.12,4.741176549476589,None
265675156,100,0.69,0.69,0.28,0.03,4.140224835651687,None
1370212912,100,0.69,0.69,0.14,0.17,4.795185611744085,None
1858764847,100,0.69,0.69,0.19,0.12,4.718889667678186,None
3160944776,100,0.69,0.69,0.29,0.02,4.166259330805708,None
555019742,100,0.69,0.69,0.22,0.09,4.507836880841773,None
4100895685,100,0.68,0.68,0.23,0.09,4.465303544799203,None
1607937997,93,0.67,0.7204301075268817,0.21505376344086022,0.06451612903225806,4.4438139339539955,Robot Caught
2695178423,97,0.67,0.6907216494845361,0.25773195876288657,0.05154639175257732,4.230691202608969,Robot Caught
3238593911,97,0.66,0.6804123711340206,0.31958762886597936,0.0,3.786463034990059,Robot Caught
913432134,100,0.66,0.66,0.16,0.18,4.856019630267546,None
3600883565,100,0.66,0.66,0.34,0.0,4.010320685296614,Robot Caught
3853780737,100,0.66,0.66,0.22,0.12,4.653687643735358,None
3287551675,100,0.66,0.66,0.15,0.19,5.02915299139424,None
4275093701,97,0.65,0.6701030927835051,0.27835051546391754,0.05154639175257732,4.301346471984811,Robot Caught
1729582884,89,0.65,0.7303370786516854,0.2247191011235955,0.0449438202247191,4.272969942400246,Robot Caught
1628548340,100,0.65,0.65,0.32,0.03,4.006160434586506,None
155872828,92,0.64,0.6956521739130435,0.2717391304347826,0.03260869565217391,4.357996630382461,Robot Caught
337744974,100,0.64,0.64,0.33,0.03,4.012012023847972,None
3253747158,82,0.64,0.7804878048780488,0.21951219512195122,0.0,4.16505141493874,Robot Caught
3193791472,91,0.63,0.6923076923076923,0.23076923076923078,0.07692307692307693,4.558709096118549,Robot Caught
2717560409,100,0.63,0.63,0.35,0.02,3.964972133301412,None
403983467,100,0.63,0.63,0.37,0.0,3.8509350265082545,None
3944218548,100,0.63,0.63,0.32,0.05,3.98265664061952,None
1689919637,92,0.62,0.6739130434782609,0.2826086956521739,0.043478260869565216,4.278011563409924,Robot Caught
285531295,96,0.62,0.6458333333333334,0.2916666666666667,0.0625,4.3329246999543285,Robot Caught
384019211,100,0.62,0.62,0.37,0.01,3.906236474030342,None
2997081800,100,0.62,0.62,0.19,0.19,5.002382106592258,None
3466523020,100,0.62,0.62,0.38,0.0,3.899123078058625,None
2238753594,100,0.61,0.61,0.36,0.03,3.9051218019206932,None
3803409166,100,0.61,0.61,0.27,0.12,4.425486303170791,None
807653177,100,0.61,0.61,0.39,0.0,3.830255832550201,None
819326081,100,0.61,0.61,0.34,0.05,4.06458385133245,None
3083427951,100,0.61,0.61,0.19,0.2,5.148889372949966,None
2236277546,100,0.6,0.6,0.4,0.0,3.8840429100520537,None
2200696150,100,0.6,0.6,0.28,0.12,4.449070913967147,None
3740549786,100,0.6,0.6,0.4,0.0,3.771490524351354,None
3008057707,95,0.59,0.6210526315789474,0.35789473684210527,0.021052631578947368,4.001281382553311,Robot Caught
3957206375,91,0.59,0.6483516483516484,0.25274725274725274,0.0989010989010989,4.480376839398504,Robot Caught
2818971857,87,0.58,0.6666666666666666,0.2988505747126437,0.034482758620689655,4.322116201955834,Robot Caught
6602424,88,0.58,0.6590909090909091,0.26136363636363635,0.07954545454545454,4.397458000313891,Robot Caught
1474254194,90,0.57,0.6333333333333333,0.2777777777777778,0.08888888888888889,4.353027185184249,Robot Caught
2348566504,96,0.57,0.59375,0.3645833333333333,0.041666666666666664,3.9927798279671527,Robot Caught
448778280,92,0.57,0.6195652173913043,0.2608695652173913,0.11956521739130435,4.680346312893725,Robot Caught
917523127,82,0.56,0.6829268292682927,0.24390243902439024,0.07317073170731707,4.164049444607154,Robot Caught
2681289611,100,0.56,0.56,0.4,0.04,3.810863999207321,None
903553525,88,0.56,0.6363636363636364,0.2840909090909091,0.07954545454545454,4.364047542317947,Robot Caught
3285371736,72,0.56,0.7777777777777778,0.2222222222222222,0.0,4.245762308352351,Robot Caught
952917975,100,0.56,0.56,0.34,0.1,4.212430549384628,None
2083336012,100,0.56,0.56,0.41,0.03,3.894787128679019,Robot Caught
3669406290,100,0.56,0.56,0.42,0.02,3.7061373090372354,None
3391902364,100,0.55,0.55,0.37,0.08,4.179280493229717,None
961307302,100,0.55,0.55,0.39,0.06,3.9812707887016483,None
1238648168,88,0.55,0.625,0.375,0.0,4.140070626423457,Robot Caught
406882242,79,0.55,0.6962025316455697,0.27848101265822783,0.02531645569620253,4.305622177841447,Robot Caught
747925150,98,0.54,0.5510204081632653,0.3979591836734694,0.05102040816326531,3.8566334239306785,Robot Caught
427194341,100,0.54,0.54,0.45,0.01,3.7740326654871468,None
88283343,84,0.54,0.6428571428571429,0.25,0.10714285714285714,4.520102779370601,Robot Caught
2431227412,95,0.54,0.5684210526315789,0.29473684210526313,0.1368421052631579,4.565949527077055,Robot Caught
253780507,90,0.53,0.5888888888888889,0.32222222222222224,0.08888888888888889,4.242650445962121,Robot Caught
3222325511,69,0.53,0.7681159420289855,0.21739130434782608,0.014492753623188406,4.035888533877673,Robot Caught
3997413024,100,0.53,0.53,0.47,0.0,3.602632645311211,None
1868761604,64,0.53,0.828125,0.125,0.046875,4.5664483246816125,Robot Caught
148405396,86,0.53,0.6162790697674418,0.38372093023255816,0.0,3.8199828699436282,Robot Caught
530106445,94,0.53,0.5638297872340425,0.26595744680851063,0.1702127659574468,4.76120529690116,Robot Caught
3712152601,91,0.53,0.5824175824175825,0.27472527472527475,0.14285714285714285,4.682497968579601,Robot Caught
1583208473,81,0.53,0.654320987654321,0.25925925925925924,0.08641975308641975,4.299098566569382,Robot Caught
3381258312,76,0.52,0.6842105263157895,0.3157894736842105,0.0,3.9878600784818006,Robot Caught
579568796,77,0.52,0.6753246753246753,0.3246753246753247,0.0,4.045148378726373,Robot Caught
1822771615,71,0.52,0.7323943661971831,0.2676056338028169,0.0,4.123108292119494,Robot Caught
2227466892,72,0.52,0.7222222222222222,0.2222222222222222,0.05555555555555555,4.304018033513036,Robot Caught
2828510172,89,0.52,0.5842696629213483,0.4157303370786517,0.0,3.740323528592999,Robot Caught
1688231032,96,0.51,0.53125,0.3854166666666667,0.08333333333333333,4.0184786486259085,Robot Caught
3863448673,86,0.51,0.5930232558139535,0.26744186046511625,0.13953488372093023,4.6172473646239,Robot Caught
739731923,74,0.51,0.6891891891891891,0.25675675675675674,0.05405405405405406,4.231822347541944,Robot Caught
2781546865,70,0.51,0.7285714285714285,0.21428571428571427,0.05714285714285714,4.294318647192605,Robot Caught
4168691152,94,0.51,0.5425531914893617,0.26595744680851063,0.19148936170212766,5.232099317989075,Robot Caught
4127634930,89,0.5,0.5617977528089888,0.43820224719101125,0.0,3.6802464298165996,Robot Caught
4096362171,89,0.5,0.5617977528089888,0.2808988764044944,0.15730337078651685,4.652780608682772,Robot Caught
928196565,75,0.5,0.6666666666666666,0.3333333333333333,0.0,4.093378468811563,Robot Caught
849267780,99,0.5,0.5050505050505051,0.494949494949495,0.0,3.521403111898008,Robot Caught
604719440,79,0.49,0.620253164556962,0.379746835443038,0.0,3.8466584588557344,Robot Caught
308979595,78,0.49,0.6282051282051282,0.28205128205128205,0.08974358974358974,4.271198073830677,Robot Caught
1661696074,68,0.49,0.7205882352941176,0.27941176470588236,0.0,4.114571318557058,Robot Caught
3927901897,80,0.49,0.6125,0.325,0.0625,4.065812430816934,Robot Caught
2065543988,76,0.48,0.631578947368421,0.2631578947368421,0.10526315789473684,4.4188081351226165,Robot Caught
1842152726,100,0.48,0.48,0.52,0.0,3.4067618891246734,None
2611375135,69,0.48,0.6956521739130435,0.2463768115942029,0.057971014492753624,4.289304349839488,Robot Caught
789270901,65,0.48,0.7384615384615385,0.26153846153846155,0.0,3.972620038853012,Robot Caught
2435742343,93,0.48,0.5161290322580645,0.4731182795698925,0.010752688172043012,3.5543114820041812,Robot Caught
1179851490,63,0.47,0.746031746031746,0.1746031746031746,0.07936507936507936,4.446169069001501,Robot Caught
1300851762,75,0.47,0.6266666666666667,0.29333333333333333,0.08,4.139063891847639,Robot Caught
1790539006,83,0.47,0.5662650602409639,0.42168674698795183,0.012048192771084338,3.787070924381509,Robot Caught
4124491260,59,0.47,0.7966101694915254,0.2033898305084746,0.0,4.372441948012786,Robot Caught
844875726,84,0.47,0.5595238095238095,0.40476190476190477,0.03571428571428571,3.862001902852824,Robot Caught
986405536,71,0.47,0.6619718309859155,0.323943661971831,0.014084507042253521,3.9199477416369657,Robot Caught
904685939,100,0.47,0.47,0.52,0.01,3.532393333753829,None
1383034060,74,0.47,0.6351351351351351,0.35135135135135137,0.013513513513513514,3.9935358599372934,Robot Caught
1905938326,65,0.46,0.7076923076923077,0.26153846153846155,0.03076923076923077,4.240365450941519,Robot Caught
816955871,100,0.46,0.46,0.54,0.0,3.506113958384768,None
1861400507,100,0.45,0.45,0.51,0.04,3.5985667678542086,None
2030575480,78,0.45,0.5769230769230769,0.4230769230769231,0.0,3.724210161500837,Robot Caught
1827796515,71,0.45,0.6338028169014085,0.352112676056338,0.014084507042253521,3.9093148310455788,Robot Caught
505893634,70,0.45,0.6428571428571429,0.32857142857142857,0.02857142857142857,4.133447129034188,Robot Caught
3197660075,55,0.45,0.8181818181818182,0.18181818181818182,0.0,4.185867133201849,Robot Caught
1409477228,100,0.44,0.44,0.53,0.03,3.587956586971352,None
2290567269,65,0.44,0.676923076923077,0.15384615384615385,0.16923076923076924,4.714262673865156,Robot Caught
2153128968,67,0.44,0.6567164179104478,0.3283582089552239,0.014925373134328358,3.7913266057762427,Robot Caught
1649631006,67,0.44,0.6567164179104478,0.22388059701492538,0.11940298507462686,4.4734389132767225,Robot Caught
3150681197,56,0.44,0.7857142857142857,0.21428571428571427,0.0,4.204435798249691,Robot Caught
36969497,50,0.43,0.86,0.12,0.02,4.270547812015796,Robot Caught
2799693459,80,0.43,0.5375,0.4125,0.05,3.945895953552771,Robot Caught
2571709693,61,0.43,0.7049180327868853,0.29508196721311475,0.0,4.095122254478695,Robot Caught
2209150191,73,0.43,0.589041095890411,0.3150684931506849,0.0958904109589041,4.1667024370885954,Robot Caught
755653195,62,0.43,0.6935483870967742,0.1774193548387097,0.12903225806451613,4.757315895815132,Robot Caught
3555787620,69,0.42,0.6086956521739131,0.36231884057971014,0.028985507246376812,3.9782988124069094,Robot Caught
3702536646,50,0.42,0.84,0.16,0.0,4.234092960993152,Robot Caught
1076905221,70,0.42,0.6,0.34285714285714286,0.05714285714285714,3.990963575107043,Robot Caught
4230906532,61,0.42,0.6885245901639344,0.3114754098360656,0.0,3.957209766936165,Robot Caught
3740283057,57,0.41,0.7192982456140351,0.2631578947368421,0.017543859649122806,4.274600611339647,Robot Caught
1855291957,54,0.41,0.7592592592592593,0.12962962962962962,0.1111111111111111,4.759051883009965,Robot Caught
2122815545,56,0.41,0.7321428571428571,0.21428571428571427,0.05357142857142857,4.274238555843666,Robot Caught
3852354575,100,0.4,0.4,0.6,0.0,3.4190132247289715,None
150624150,50,0.4,0.8,0.2,0.0,4.109347387886155,Robot Caught
3231071107,68,0.4,0.5882352941176471,0.3088235294117647,0.10294117647058823,4.158223674558996,Robot Caught
963146334,67,0.4,0.5970149253731343,0.29850746268656714,0.1044776119402985,4.237765543144964,Robot Caught
4190187676,71,0.4,0.5633802816901409,0.352112676056338,0.08450704225352113,4.106600626162387,Robot Caught
1297761783,69,0.4,0.5797101449275363,0.4057971014492754,0.014492753623188406,3.97781797435858,Robot Caught
4028752573,60,0.39,0.65,0.35,0.0,4.00050245988432,Robot Caught
1330541737,100,0.39,0.39,0.59,0.02,3.470406150935736,None
1230386856,77,0.39,0.5064935064935064,0.42857142857142855,0.06493506493506493,3.8313548495413845,Robot Caught
3147341995,71,0.39,0.5492957746478874,0.29577464788732394,0.15492957746478872,4.638768497191912,Robot Caught
2744343790,65,0.39,0.6,0.4,0.0,3.8563767873121293,Robot Caught
990002508,77,0.39,0.5064935064935064,0.38961038961038963,0.1038961038961039,4.1595425546279525,Robot Caught
1782801438,71,0.39,0.5492957746478874,0.3380281690140845,0.11267605633802817,4.249477984129669,Robot Caught
868743797,72,0.38,0.5277777777777778,0.3611111111111111,0.1111111111111111,4.242049406046316,Robot Caught
3364695402,57,0.38,0.6666666666666666,0.24561403508771928,0.08771929824561403,4.304208925374313,Robot Caught
3907041600,100,0.38,0.38,0.54,0.08,3.7676044567650253,None
3822075608,58,0.38,0.6551724137931034,0.2413793103448276,0.10344827586206896,4.118162435949857,Robot Caught
848995892,61,0.38,0.6229508196721312,0.26229508196721313,0.11475409836065574,4.309603161200197,Robot Caught
3523581225,56,0.38,0.6785714285714286,0.17857142857142858,0.14285714285714285,4.753040602819884,Robot Caught
4052568145,60,0.38,0.6333333333333333,0.2833333333333333,0.08333333333333333,4.361326859761281,Robot Caught
588882665,65,0.38,0.5846153846153846,0.4153846153846154,0.0,3.7876913067917473,Robot Caught
3494712201,100,0.37,0.37,0.6,0.03,3.429648227683428,None
3483550173,75,0.37,0.49333333333333335,0.3466666666666667,0.16,4.5339847119637975,Robot Caught
1121272530,76,0.37,0.4868421052631579,0.32894736842105265,0.18421052631578946,4.698728774407279,Robot Caught
3286682083,73,0.37,0.5068493150684932,0.4657534246575342,0.0273972602739726,3.569902609169098,Robot Caught
680768650,48,0.37,0.7708333333333334,0.1875,0.041666666666666664,4.596599307103582,Robot Caught
676818858,47,0.37,0.7872340425531915,0.19148936170212766,0.02127659574468085,4.601068526650552,Robot Caught
21054285,63,0.37,0.5873015873015873,0.3333333333333333,0.07936507936507936,4.1312768948228475,Robot Caught
482916894,60,0.37,0.6166666666666667,0.38333333333333336,0.0,3.778971192821749,Robot Caught
3459278611,55,0.37,0.6727272727272727,0.32727272727272727,0.0,4.045900121572825,Robot Caught
3449842923,69,0.37,0.5362318840579711,0.3188405797101449,0.14492753623188406,4.352308207047277,Robot Caught
1163518823,85,0.37,0.43529411764705883,0.5647058823529412,0.0,3.4999370686680624,Robot Caught
467757330,68,0.37,0.5441176470588235,0.3382352941176471,0.11764705882352941,4.253037243236971,Robot Caught
2501626198,64,0.36,0.5625,0.328125,0.109375,4.127008978051434,Robot Caught
254856486,64,0.36,0.5625,0.15625,0.28125,5.213924527478213,Robot Caught
349401759,44,0.36,0.8181818181818182,0.1590909090909091,0.022727272727272728,4.014607077477188,Robot Caught
20155631,57,0.36,0.631578947368421,0.3684210526315789,0.0,3.8857878060874107,Robot Caught
2697801570,52,0.36,0.6923076923076923,0.3076923076923077,0.0,4.047015445941692,Robot Caught
577669613,70,0.36,0.5142857142857142,0.3142857142857143,0.17142857142857143,4.572638660597306,Robot Caught
521874928,58,0.36,0.6206896551724138,0.3793103448275862,0.0,3.625575673925746,Robot Caught
1877736956,92,0.36,0.391304347826087,0.6086956521739131,0.0,3.3539661113568098,Robot Caught
269313206,69,0.36,0.5217391304347826,0.463768115942029,0.014492753623188406,3.7429387262346934,Robot Caught
3975590448,53,0.35,0.660377358490566,0.24528301886792453,0.09433962264150944,4.529559744950839,Robot Caught
3999860591,88,0.35,0.3977272727272727,0.5454545454545454,0.056818181818181816,3.6148137968609264,Robot Caught
3754371937,84,0.35,0.4166666666666667,0.5833333333333334,0.0,3.293948302491423,Robot Caught
2897430927,49,0.35,0.7142857142857143,0.2857142857142857,0.0,4.218568699754705,Robot Caught
1433826394,57,0.35,0.6140350877192983,0.38596491228070173,0.0,3.6418134107734033,Robot Caught
1559045522,40,0.34,0.85,0.15,0.0,4.4967843630787785,Robot Caught
91595225,41,0.34,0.8292682926829268,0.14634146341463414,0.024390243902439025,4.418505085579543,Robot Caught
3977368230,53,0.34,0.6415094339622641,0.3584905660377358,0.0,3.9053018936553876,Robot Caught
1006222404,54,0.34,0.6296296296296297,0.37037037037037035,0.0,3.7409179090179503,Robot Caught
1742744349,50,0.34,0.68,0.26,0.06,4.458516380111887,Robot Caught
3424602434,64,0.34,0.53125,0.28125,0.1875,4.784700380994424,Robot Caught
3292582365,51,0.34,0.6666666666666666,0.29411764705882354,0.0392156862745098,3.751414133750262,Robot Caught
1639201066,44,0.34,0.7727272727272727,0.18181818181818182,0.045454545454545456,4.499862457487676,Robot Caught
2093831562,73,0.34,0.4657534246575342,0.4794520547945205,0.0547945205479452,3.5793636227265275,Robot Caught
2631048372,97,0.34,0.35051546391752575,0.6494845360824743,0.0,3.3727881304808,Robot Caught
4042341389,44,0.33,0.75,0.18181818181818182,0.06818181818181818,4.662831857459099,Robot Caught
2030206171,66,0.33,0.5,0.3484848484848485,0.15151515151515152,4.384220183802374,Robot Caught
1300403144,64,0.33,0.515625,0.359375,0.125,4.234079472950125,Robot Caught
1588148694,52,0.33,0.6346153846153846,0.3269230769230769,0.038461538461538464,4.200047359153712,Robot Caught
657305485,58,0.33,0.5689655172413793,0.25862068965517243,0.1724137931034483,4.692564445202059,Robot Caught
1934532709,58,0.33,0.5689655172413793,0.3793103448275862,0.05172413793103448,3.833546268465462,Robot Caught
4211262538,49,0.33,0.673469387755102,0.32653061224489793,0.0,3.8905759609805646,Robot Caught
2983623675,59,0.33,0.559322033898305,0.22033898305084745,0.22033898305084745,4.865663185289345,Robot Caught
2795357820,56,0.33,0.5892857142857143,0.23214285714285715,0.17857142857142858,4.800571142774728,Robot Caught
1393041019,58,0.33,0.5689655172413793,0.1724137931034483,0.25862068965517243,5.255281011346634,Robot Caught
382709581,68,0.33,0.4852941176470588,0.2647058823529412,0.25,4.797590628015101,Robot Caught
3210336333,63,0.33,0.5238095238095238,0.3968253968253968,0.07936507936507936,3.981040450650242,Robot Caught
4260731055,100,0.33,0.33,0.67,0.0,3.272990010169853,None
1059220248,42,0.33,0.7857142857142857,0.19047619047619047,0.023809523809523808,4.694923159610786,Robot Caught
46058459,58,0.32,0.5517241379310345,0.3103448275862069,0.13793103448275862,4.433063056382749,Robot Caught
1069853434,41,0.32,0.7804878048780488,0.21951219512195122,0.0,4.523070672514165,Robot Caught
2686397208,61,0.32,0.5245901639344263,0.36065573770491804,0.11475409836065574,4.149109866186898,Robot Caught
1064828588,44,0.32,0.7272727272727273,0.2727272727272727,0.0,3.705763084609781,Robot Caught
3427556728,46,0.32,0.6956521739130435,0.30434782608695654,0.0,3.7056778490675653,Robot Caught
3057107867,60,0.32,0.5333333333333333,0.21666666666666667,0.25,5.068082429640359,Robot Caught
2233943707,54,0.32,0.5925925925925926,0.35185185185185186,0.05555555555555555,3.7581058513026466,Robot Caught
2620848936,42,0.32,0.7619047619047619,0.19047619047619047,0.047619047619047616,4.592707915192711,Robot Caught
4002203368,59,0.32,0.5423728813559322,0.4576271186440678,0.0,3.5101791283488004,Robot Caught
159262022,40,0.31,0.775,0.2,0.025,4.454464732077516,Robot Caught
3802395204,61,0.31,0.5081967213114754,0.18032786885245902,0.3114754098360656,5.841934126318174,Robot Caught
572958500,65,0.31,0.47692307692307695,0.3076923076923077,0.2153846153846154,4.938616980670072,Robot Caught
3102257315,51,0.31,0.6078431372549019,0.39215686274509803,0.0,3.66153826595743,Robot Caught
3482834147,59,0.31,0.5254237288135594,0.3389830508474576,0.13559322033898305,4.189116290921786,Robot Caught
3171489730,67,0.31,0.4626865671641791,0.22388059701492538,0.31343283582089554,5.6339504152442075,Robot Caught
429569527,58,0.31,0.5344827586206896,0.3448275862068966,0.1206896551724138,4.189288788712272,Robot Caught
3677722093,50,0.31,0.62,0.32,0.06,4.086624111881699,Robot Caught
1004068507,100,0.3,0.3,0.7,0.0,3.248319250074329,None
2689218070,38,0.3,0.7894736842105263,0.21052631578947367,0.0,4.46451281820416,Robot Caught
260117482,63,0.3,0.47619047619047616,0.38095238095238093,0.14285714285714285,4.188684664245713,Robot Caught
1699636046,57,0.3,0.5263157894736842,0.47368421052631576,0.0,3.498214640654845,Robot Caught
2380359859,68,0.3,0.4411764705882353,0.47058823529411764,0.08823529411764706,3.894320322956051,Robot Caught
707204730,56,0.3,0.5357142857142857,0.4642857142857143,0.0,3.6570061802247866,Robot Caught
953441394,49,0.3,0.6122448979591837,0.22448979591836735,0.16326530612244897,4.591063858259598,Robot Caught
1321465639,42,0.3,0.7142857142857143,0.2857142857142857,0.0,4.314648817651543,Robot Caught
4061521223,59,0.3,0.5084745762711864,0.4915254237288136,0.0,3.456085662255738,Robot Caught
1596740631,44,0.3,0.6818181818181818,0.1590909090909091,0.1590909090909091,4.820249492518749,Robot Caught
1284486255,98,0.3,0.30612244897959184,0.673469387755102,0.02040816326530612,3.296306627603415,Robot Caught
1428681654,60,0.3,0.5,0.5,0.0,3.5304330531262353,Robot Caught
436780259,51,0.3,0.5882352941176471,0.37254901960784315,0.0392156862745098,3.842361041086128,Robot Caught
751230507,51,0.3,0.5882352941176471,0.3333333333333333,0.0784313725490196,3.7788215452769043,Robot Caught
3365601351,51,0.3,0.5882352941176471,0.23529411764705882,0.17647058823529413,4.341208403124699,Robot Caught
3132197743,40,0.3,0.75,0.225,0.025,4.448155788335475,Robot Caught
38728109,51,0.29,0.5686274509803921,0.43137254901960786,0.0,3.7314817872770685,Robot Caught
2586490919,38,0.29,0.7631578947368421,0.21052631578947367,0.02631578947368421,4.506396144301015,Robot Caught
3047485175,43,0.29,0.6744186046511628,0.23255813953488372,0.09302325581395349,4.363480576559453,Robot Caught
1401388695,38,0.29,0.7631578947368421,0.21052631578947367,0.02631578947368421,4.381933918148874,Robot Caught
3950517475,41,0.29,0.7073170731707317,0.2682926829268293,0.024390243902439025,3.9655563189695924,Robot Caught
201948116,54,0.28,0.5185185185185185,0.42592592592592593,0.05555555555555555,3.715317264491748,Robot Caught
3643996365,100,0.28,0.28,0.64,0.08,3.550575986776331,None
2415846817,39,0.28,0.717948717948718,0.20512820512820512,0.07692307692307693,4.269198922089111,Robot Caught
3468414392,66,0.28,0.42424242424242425,0.4393939393939394,0.13636363636363635,4.028036690351689,Robot Caught
1621895096,60,0.28,0.4666666666666667,0.5166666666666667,0.016666666666666666,3.6435715796480537,Robot Caught
489929,44,0.28,0.6363636363636364,0.18181818181818182,0.18181818181818182,4.92601859941297,Robot Caught
1739697550,49,0.28,0.5714285714285714,0.3673469387755102,0.061224489795918366,4.13286440445847,Robot Caught
999256514,35,0.28,0.8,0.2,0.0,4.249203973882899,Robot Caught
1764521568,36,0.28,0.7777777777777778,0.2222222222222222,0.0,4.279771635500267,Robot Caught
2802873102,42,0.27,0.6428571428571429,0.30952380952380953,0.047619047619047616,4.270658837280938,Robot Caught
1053956618,38,0.27,0.7105263157894737,0.23684210526315788,0.05263157894736842,4.330068172512345,Robot Caught
3545127761,71,0.27,0.38028169014084506,0.5633802816901409,0.056338028169014086,3.5536453614930257,Robot Caught
575984806,42,0.27,0.6428571428571429,0.2857142857142857,0.07142857142857142,4.273425820846417,Robot Caught
3376014345,39,0.27,0.6923076923076923,0.2564102564102564,0.05128205128205128,4.315354363927018,Robot Caught
680964724,71,0.27,0.38028169014084506,0.6197183098591549,0.0,3.355116677868098,Robot Caught
1826081287,57,0.27,0.47368421052631576,0.22807017543859648,0.2982456140350877,5.2613126356857505,Robot Caught
2162167126,48,0.27,0.5625,0.22916666666666666,0.20833333333333334,4.79198015007034,Robot Caught
1145111682,37,0.27,0.7297297297297297,0.1891891891891892,0.08108108108108109,4.69436916162857,Robot Caught
1020793413,52,0.27,0.5192307692307693,0.4807692307692308,0.0,3.5900679070521835,Robot Caught
1376464364,52,0.27,0.5192307692307693,0.4807692307692308,0.0,3.530068727116013,Robot Caught
616135165,86,0.27,0.313953488372093,0.6511627906976745,0.03488372093023256,3.302195082624912,Robot Caught
906957253,45,0.27,0.6,0.4,0.0,3.813275377619003,Robot Caught
2459585530,34,0.27,0.7941176470588235,0.20588235294117646,0.0,3.8636088630294654,Robot Caught
1853265490,99,0.27,0.2727272727272727,0.696969696969697,0.030303030303030304,3.2245107484362276,Robot Caught
973122724,62,0.26,0.41935483870967744,0.3870967741935484,0.1935483870967742,4.571431919619588,Robot Caught
3606147054,37,0.26,0.7027027027027027,0.24324324324324326,0.05405405405405406,4.339855832823669,Robot Caught
310965594,55,0.26,0.4727272727272727,0.18181818181818182,0.34545454545454546,5.498197872036554,Robot Caught
1471364117,43,0.26,0.6046511627906976,0.16279069767441862,0.23255813953488372,4.843469673357992,Robot Caught
3001657759,57,0.26,0.45614035087719296,0.2631578947368421,0.2807017543859649,5.122669390634162,Robot Caught
2355306551,39,0.26,0.6666666666666666,0.1794871794871795,0.15384615384615385,4.810539789507972,Robot Caught
462966047,49,0.26,0.5306122448979592,0.4489795918367347,0.02040816326530612,3.9329623701265013,Robot Caught
2604588099,52,0.26,0.5,0.19230769230769232,0.3076923076923077,5.3688053526835455,Robot Caught
3846434801,100,0.26,0.26,0.72,0.02,3.287528387236002,None
2934001928,48,0.26,0.5416666666666666,0.1875,0.2708333333333333,5.035825568756649,Robot Caught
2227027920,35,0.26,0.7428571428571429,0.22857142857142856,0.02857142857142857,4.422685688414158,Robot Caught
640881835,56,0.26,0.4642857142857143,0.5,0.03571428571428571,3.559709528841236,Robot Caught
187527822,69,0.25,0.36231884057971014,0.6376811594202898,0.0,3.2491326248173618,Robot Caught
639975482,31,0.25,0.8064516129032258,0.1935483870967742,0.0,4.433178401783291,Robot Caught
3224966049,33,0.25,0.7575757575757576,0.21212121212121213,0.030303030303030304,4.493067492320834,Robot Caught
3986101274,51,0.25,0.49019607843137253,0.3137254901960784,0.19607843137254902,4.415216326965867,Robot Caught
3951489284,57,0.25,0.43859649122807015,0.5263157894736842,0.03508771929824561,3.532538087726956,Robot Caught
1163893846,55,0.25,0.45454545454545453,0.509090909090909,0.03636363636363636,3.7246837456593513,Robot Caught
3170212605,42,0.25,0.5952380952380952,0.21428571428571427,0.19047619047619047,4.764182112376039,Robot Caught
4111172050,49,0.25,0.5102040816326531,0.22448979591836735,0.2653061224489796,5.021108991036176,Robot Caught
3100985178,32,0.25,0.78125,0.21875,0.0,3.5559652520570384,Robot Caught
1322330652,45,0.25,0.5555555555555556,0.28888888888888886,0.15555555555555556,4.4787737566618935,Robot Caught
2431074806,40,0.25,0.625,0.2,0.175,4.54737447125285,Robot Caught
3504492757,34,0.25,0.7352941176470589,0.23529411764705882,0.029411764705882353,4.245648805115113,Robot Caught
1348963113,36,0.24,0.6666666666666666,0.19444444444444445,0.1388888888888889,4.54443100774559,Robot Caught
1782715013,52,0.24,0.46153846153846156,0.4423076923076923,0.09615384615384616,3.9765861354738385,Robot Caught
937693804,35,0.24,0.6857142857142857,0.2,0.11428571428571428,4.729730798587036,Robot Caught
2651334755,35,0.24,0.6857142857142857,0.22857142857142856,0.08571428571428572,4.341990017055023,Robot Caught
1458502906,50,0.24,0.48,0.52,0.0,3.4201479627362645,Robot Caught
2289502558,33,0.24,0.7272727272727273,0.24242424242424243,0.030303030303030304,4.403606866963529,Robot Caught
3565726271,39,0.24,0.6153846153846154,0.2564102564102564,0.1282051282051282,4.384317748228473,Robot Caught
1116865043,37,0.24,0.6486486486486487,0.13513513513513514,0.21621621621621623,5.109297124517317,Robot Caught
3928526827,29,0.24,0.8275862068965517,0.1724137931034483,0.0,4.136428405113217,Robot Caught
3127238086,45,0.24,0.5333333333333333,0.4666666666666667,0.0,3.529423332331145,Robot Caught
2299078375,41,0.24,0.5853658536585366,0.17073170731707318,0.24390243902439024,5.006691371139951,Robot Caught
2661224693,40,0.24,0.6,0.4,0.0,3.6399237031209224,Robot Caught
2512034192,37,0.24,0.6486486486486487,0.24324324324324326,0.10810810810810811,4.468923849103188,Robot Caught
2010926810,32,0.24,0.75,0.25,0.0,4.1487714536858835,Robot Caught
2313482474,31,0.24,0.7741935483870968,0.22580645161290322,0.0,3.834211032041578,Robot Caught
3735855009,60,0.24,0.4,0.25,0.35,5.430478634475738,Robot Caught
924709877,32,0.24,0.75,0.25,0.0,4.390045950654994,Robot Caught
898342011,30,0.24,0.8,0.2,0.0,4.274739793875705,Robot Caught
4194798660,51,0.23,0.45098039215686275,0.5490196078431373,0.0,3.478335566274941,Robot Caught
1253436447,64,0.23,0.359375,0.484375,0.15625,4.166521231902794,Robot Caught
2279480615,62,0.23,0.3709677419354839,0.45161290322580644,0.1774193548387097,4.4885122449041095,Robot Caught
24450077,30,0.23,0.7666666666666667,0.23333333333333334,0.0,4.342044902206007,Robot Caught
777814212,90,0.23,0.25555555555555554,0.7444444444444445,0.0,2.9989999697282106,Robot Caught
3681672005,34,0.23,0.6764705882352942,0.23529411764705882,0.08823529411764706,4.014124994512772,Robot Caught
2475877844,39,0.23,0.5897435897435898,0.1794871794871795,0.23076923076923078,5.078420088235531,Robot Caught
2629479783,48,0.23,0.4791666666666667,0.5208333333333334,0.0,3.3767663308043425,Robot Caught
1368468277,33,0.23,0.696969696969697,0.21212121212121213,0.09090909090909091,4.2073479117039065,Robot Caught
4011659078,45,0.23,0.5111111111111111,0.4888888888888889,0.0,3.5547340759429535,Robot Caught
2918975313,55,0.23,0.41818181818181815,0.43636363636363634,0.14545454545454545,4.1521780080836175,Robot Caught
164211021,44,0.23,0.5227272727272727,0.29545454545454547,0.18181818181818182,4.420582576913049,Robot Caught
3025826903,29,0.23,0.7931034482758621,0.20689655172413793,0.0,3.7729740595287837,Robot Caught
3641384652,61,0.23,0.3770491803278688,0.5409836065573771,0.08196721311475409,3.631578747801327,Robot Caught
3059598127,44,0.22,0.5,0.25,0.25,4.85524732040687,Robot Caught
833520681,40,0.22,0.55,0.125,0.325,5.702664702319554,Robot Caught
383015411,36,0.22,0.6111111111111112,0.16666666666666666,0.2222222222222222,4.981437826441104,Robot Caught
6557985,41,0.22,0.5365853658536586,0.2682926829268293,0.1951219512195122,4.634179765351353,Robot Caught
1858619971,39,0.22,0.5641025641025641,0.28205128205128205,0.15384615384615385,4.235918135556099,Robot Caught
1770289940,80,0.22,0.275,0.7,0.025,3.2597916411957035,Robot Caught
2274007301,100,0.22,0.22,0.71,0.07,3.376803578347967,None
2541479020,36,0.22,0.6111111111111112,0.2222222222222222,0.16666666666666666,4.798268458789838,Robot Caught
647900690,55,0.22,0.4,0.6,0.0,3.404995305396375,Robot Caught
4227688958,100,0.22,0.22,0.78,0.0,3.1057971485445743,None
3857163966,30,0.22,0.7333333333333333,0.26666666666666666,0.0,4.262774815840372,Robot Caught
2304368214,43,0.22,0.5116279069767442,0.16279069767441862,0.32558139534883723,5.5278060913912554,Robot Caught
2291246586,55,0.22,0.4,0.4909090909090909,0.10909090909090909,3.905780836822411,Robot Caught
940024170,44,0.22,0.5,0.20454545454545456,0.29545454545454547,5.204626055376521,Robot Caught
2865256069,30,0.22,0.7333333333333333,0.23333333333333334,0.03333333333333333,4.221161971346406,Robot Caught
3285324020,38,0.22,0.5789473684210527,0.42105263157894735,0.0,3.8360528505047644,Robot Caught
3140617061,28,0.22,0.7857142857142857,0.21428571428571427,0.0,4.473431001744073,Robot Caught
1046894444,34,0.22,0.6470588235294118,0.23529411764705882,0.11764705882352941,4.044913418437601,Robot Caught
764919324,31,0.22,0.7096774193548387,0.2903225806451613,0.0,4.0574582145606435,Robot Caught
2808789611,34,0.22,0.6470588235294118,0.29411764705882354,0.058823529411764705,4.308759243402195,Robot Caught
3542359378,38,0.22,0.5789473684210527,0.18421052631578946,0.23684210526315788,4.907406078052998,Robot Caught
3619319101,33,0.22,0.6666666666666666,0.3333333333333333,0.0,4.0320973608519175,Robot Caught
2991750298,29,0.22,0.7586206896551724,0.2413793103448276,0.0,4.06366339111844,Robot Caught
1481247310,36,0.21,0.5833333333333334,0.25,0.16666666666666666,4.505456908695425,Robot Caught
4064079475,51,0.21,0.4117647058823529,0.5882352941176471,0.0,3.204132051134693,Robot Caught
3742791624,36,0.21,0.5833333333333334,0.4166666666666667,0.0,3.716244264004758,Robot Caught
1194207622,64,0.21,0.328125,0.5,0.171875,4.257066245186053,Robot Caught
3911364209,35,0.21,0.6,0.2,0.2,4.606263749193958,Robot Caught
2476001652,54,0.21,0.3888888888888889,0.5555555555555556,0.05555555555555555,3.5228550178426787,Robot Caught
3162168932,28,0.21,0.75,0.25,0.0,4.061291659621486,Robot Caught
458552634,50,0.21,0.42,0.3,0.28,5.13039763334354,Robot Caught
1324691281,44,0.21,0.4772727272727273,0.25,0.2727272727272727,4.802446465824047,Robot Caught
1472643726,40,0.21,0.525,0.175,0.3,5.2586341518182085,Robot Caught
1062876188,33,0.21,0.6363636363636364,0.18181818181818182,0.18181818181818182,4.836299685740307,Robot Caught
1890563623,27,0.21,0.7777777777777778,0.18518518518518517,0.037037037037037035,4.243670967095578,Robot Caught
956725271,33,0.21,0.6363636363636364,0.24242424242424243,0.12121212121212122,4.464665814082948,Robot Caught
801738781,32,0.21,0.65625,0.34375,0.0,3.920844327667895,Robot Caught
2224598063,37,0.21,0.5675675675675675,0.1891891891891892,0.24324324324324326,4.992064479057944,Robot Caught
2197158775,31,0.21,0.6774193548387096,0.3225806451612903,0.0,3.7798219115909566,Robot Caught
900407488,27,0.21,0.7777777777777778,0.2222222222222222,0.0,4.184547602983499,Robot Caught
3779278031,28,0.21,0.75,0.25,0.0,3.9150673583916036,Robot Caught
1434665217,43,0.21,0.4883720930232558,0.18604651162790697,0.32558139534883723,5.610982135623522,Robot Caught
3322368926,43,0.2,0.46511627906976744,0.18604651162790697,0.3488372093023256,5.772370974086776,Robot Caught
3811798015,29,0.2,0.6896551724137931,0.2413793103448276,0.06896551724137931,3.997374371947863,Robot Caught
1001942760,49,0.2,0.40816326530612246,0.24489795918367346,0.3469387755102041,5.459624866381978,Robot Caught
3032516436,39,0.2,0.5128205128205128,0.48717948717948717,0.0,3.4332746568192354,Robot Caught
780205835,35,0.2,0.5714285714285714,0.2857142857142857,0.14285714285714285,4.352218211867925,Robot Caught
4189770781,27,0.2,0.7407407407407407,0.2222222222222222,0.037037037037037035,4.515141036636456,Robot Caught
4079136613,26,0.2,0.7692307692307693,0.15384615384615385,0.07692307692307693,4.232394488596045,Robot Caught
126242637,35,0.2,0.5714285714285714,0.2857142857142857,0.14285714285714285,4.455152528602078,Robot Caught
596644597,100,0.2,0.2,0.8,0.0,3.059815779005368,None
3868004672,26,0.2,0.7692307692307693,0.23076923076923078,0.0,4.420157518679643,Robot Caught
2313014743,31,0.2,0.6451612903225806,0.22580645161290322,0.12903225806451613,4.4987149786593115,Robot Caught
1187285742,35,0.2,0.5714285714285714,0.22857142857142856,0.2,4.836761593238232,Robot Caught
3246968272,29,0.2,0.6896551724137931,0.27586206896551724,0.034482758620689655,4.231917766346461,Robot Caught
2998736361,54,0.19,0.35185185185185186,0.4074074074074074,0.24074074074074073,4.523946297087144,Robot Caught
2629882072,30,0.19,0.6333333333333333,0.2,0.16666666666666666,4.5162988726984965,Robot Caught
2292314380,51,0.19,0.37254901960784315,0.6274509803921569,0.0,3.3635494356456053,Robot Caught
280032142,27,0.19,0.7037037037037037,0.2962962962962963,0.0,4.243683377623946,Robot Caught
2563242753,31,0.19,0.6129032258064516,0.3870967741935484,0.0,3.591463663256026,Robot Caught
2376645941,25,0.19,0.76,0.24,0.0,4.000986285735795,Robot Caught
2789701379,27,0.19,0.7037037037037037,0.2962962962962963,0.0,4.31813523412947,Robot Caught
3962209431,80,0.19,0.2375,0.7125,0.05,3.381112595582118,Robot Caught
254389827,55,0.19,0.34545454545454546,0.6,0.05454545454545454,3.458025043673652,Robot Caught
2695773495,24,0.19,0.7916666666666666,0.20833333333333334,0.0,4.12922484893218,Robot Caught
2802604982,31,0.19,0.6129032258064516,0.16129032258064516,0.22580645161290322,5.0366970147622325,Robot Caught
3398805147,31,0.19,0.6129032258064516,0.2903225806451613,0.0967741935483871,4.145451537101143,Robot Caught
4048475222,45,0.19,0.4222222222222222,0.4,0.17777777777777778,4.295648471612984,Robot Caught
2179395834,25,0.19,0.76,0.24,0.0,4.269190807038434,Robot Caught
1275871528,24,0.19,0.7916666666666666,0.20833333333333334,0.0,3.9302483567712962,Robot Caught
1225024350,47,0.19,0.40425531914893614,0.5957446808510638,0.0,3.2808083026052035,Robot Caught
3796719707,44,0.19,0.4318181818181818,0.22727272727272727,0.3409090909090909,5.26156252228019,Robot Caught
3279860931,25,0.19,0.76,0.24,0.0,4.1495008162603275,Robot Caught
1856738922,30,0.19,0.6333333333333333,0.3,0.06666666666666667,4.086731450012763,Robot Caught
2678010653,39,0.19,0.48717948717948717,0.23076923076923078,0.28205128205128205,5.156390933611533,Robot Caught
3243645401,24,0.19,0.7916666666666666,0.20833333333333334,0.0,3.990112317917261,Robot Caught
4046213292,39,0.19,0.48717948717948717,0.15384615384615385,0.358974358974359,5.983669914503177,Robot Caught
2319399685,39,0.19,0.48717948717948717,0.2564102564102564,0.2564102564102564,5.034641697154711,Robot Caught
1151346125,30,0.19,0.6333333333333333,0.3,0.06666666666666667,3.898064296048349,Robot Caught
4084484351,32,0.19,0.59375,0.3125,0.09375,4.226123563056938,Robot Caught
748755976,39,0.19,0.48717948717948717,0.1794871794871795,0.3333333333333333,5.487546418953703,Robot Caught
2204113451,32,0.19,0.59375,0.40625,0.0,3.619654778675706,Robot Caught
20848584,61,0.19,0.3114754098360656,0.6065573770491803,0.08196721311475409,3.6676862083652697,Robot Caught
3797422823,32,0.19,0.59375,0.25,0.15625,4.599496761785046,Robot Caught
2548249206,33,0.19,0.5757575757575758,0.2727272727272727,0.15151515151515152,4.5935068007484965,Robot Caught
3179736735,50,0.19,0.38,0.56,0.06,3.554634169179148,Robot Caught
1132644711,38,0.19,0.5,0.18421052631578946,0.3157894736842105,5.332271141371585,Robot Caught
3472556607,29,0.19,0.6551724137931034,0.3103448275862069,0.034482758620689655,4.1875664342677315,Robot Caught
1848137023,27,0.18,0.6666666666666666,0.2222222222222222,0.1111111111111111,4.388093958159336,Robot Caught
1376748797,27,0.18,0.6666666666666666,0.2222222222222222,0.1111111111111111,4.299421775915414,Robot Caught
782444538,73,0.18,0.2465753424657534,0.7534246575342466,0.0,3.234439726144307,Robot Caught
4110430996,27,0.18,0.6666666666666666,0.2962962962962963,0.037037037037037035,3.927748012172233,Robot Caught
3509582250,43,0.18,0.4186046511627907,0.20930232558139536,0.37209302325581395,5.5278213636429,Robot Caught
3543820858,34,0.18,0.5294117647058824,0.2647058823529412,0.20588235294117646,4.5428930733270585,Robot Caught
2743858027,43,0.18,0.4186046511627907,0.4418604651162791,0.13953488372093023,3.9789352348105815,Robot Caught
3218750893,29,0.18,0.6206896551724138,0.27586206896551724,0.10344827586206896,4.322978987258589,Robot Caught
447692779,25,0.18,0.72,0.28,0.0,3.8508362574988815,Robot Caught
2189180853,24,0.18,0.75,0.16666666666666666,0.08333333333333333,4.128174412137311,Robot Caught
1675329554,39,0.18,0.46153846153846156,0.3333333333333333,0.20512820512820512,4.552134675927281,Robot Caught
315329441,33,0.18,0.5454545454545454,0.2727272727272727,0.18181818181818182,4.416413948960057,Robot Caught
3899135581,31,0.18,0.5806451612903226,0.3548387096774194,0.06451612903225806,3.9966308212529693,Robot Caught
2488779180,35,0.18,0.5142857142857142,0.2571428571428571,0.22857142857142856,4.611063130114847,Robot Caught
2338211053,26,0.18,0.6923076923076923,0.2692307692307692,0.038461538461538464,3.974546250608302,Robot Caught
2362914016,31,0.18,0.5806451612903226,0.22580645161290322,0.1935483870967742,4.821084020521839,Robot Caught
906756050,30,0.18,0.6,0.13333333333333333,0.26666666666666666,5.077321569880969,Robot Caught
841193918,44,0.18,0.4090909090909091,0.29545454545454547,0.29545454545454547,5.397312132930392,Robot Caught
2379859625,25,0.18,0.72,0.24,0.04,3.8822764131824927,Robot Caught
1899548798,29,0.18,0.6206896551724138,0.3793103448275862,0.0,3.51157587640198,Robot Caught
1504505238,26,0.17,0.6538461538461539,0.19230769230769232,0.15384615384615385,4.471405168770773,Robot Caught
3624997007,60,0.17,0.2833333333333333,0.7166666666666667,0.0,3.247043818035713,Robot Caught
551292679,26,0.17,0.6538461538461539,0.23076923076923078,0.11538461538461539,4.525849343621399,Robot Caught
3372667708,25,0.17,0.68,0.32,0.0,4.003833059239486,Robot Caught
4167579552,21,0.17,0.8095238095238095,0.19047619047619047,0.0,3.6256670950242476,Robot Caught
4290500717,26,0.17,0.6538461538461539,0.34615384615384615,0.0,4.111396863029109,Robot Caught
328163571,100,0.17,0.17,0.81,0.02,3.165233439711492,None
3059408106,32,0.17,0.53125,0.46875,0.0,3.7165647547982625,Robot Caught
3028651492,39,0.17,0.4358974358974359,0.23076923076923078,0.3333333333333333,5.1884111598103635,Robot Caught
1189413570,40,0.17,0.425,0.475,0.1,3.758011552288113,Robot Caught
1967754100,23,0.17,0.7391304347826086,0.21739130434782608,0.043478260869565216,4.361836628246186,Robot Caught
4041682066,29,0.17,0.5862068965517241,0.13793103448275862,0.27586206896551724,5.165748141796555,Robot Caught
298023313,30,0.17,0.5666666666666667,0.3,0.13333333333333333,4.14772994908554,Robot Caught
974814581,25,0.17,0.68,0.32,0.0,3.896416708303363,Robot Caught
2517994811,25,0.17,0.68,0.32,0.0,4.183106812000455,Robot Caught
2327402999,25,0.17,0.68,0.2,0.12,4.3084385790325035,Robot Caught
1813833737,24,0.17,0.7083333333333334,0.2916666666666667,0.0,3.5507644149059536,Robot Caught
596865963,34,0.17,0.5,0.20588235294117646,0.29411764705882354,5.275063412622716,Robot Caught
2966961039,37,0.17,0.4594594594594595,0.16216216216216217,0.3783783783783784,5.82123332363225,Robot Caught
1014185246,35,0.17,0.4857142857142857,0.2857142857142857,0.22857142857142856,4.583932881086422,Robot Caught
2020349634,29,0.17,0.5862068965517241,0.3448275862068966,0.06896551724137931,4.1461770544759196,Robot Caught
3108106365,26,0.17,0.6538461538461539,0.23076923076923078,0.11538461538461539,4.30530741545579,Robot Caught
3586106969,24,0.16,0.6666666666666666,0.25,0.08333333333333333,3.9682432459469417,Robot Caught
4216624319,22,0.16,0.7272727272727273,0.2727272727272727,0.0,3.7259546234368326,Robot Caught
1523106234,22,0.16,0.7272727272727273,0.2727272727272727,0.0,4.283813529279673,Robot Caught
3696023481,25,0.16,0.64,0.36,0.0,3.87063253333314,Robot Caught
3634467329,27,0.16,0.5925925925925926,0.2962962962962963,0.1111111111111111,4.372179553245339,Robot Caught
3661252983,25,0.16,0.64,0.36,0.0,3.720946036913582,Robot Caught
3265820517,37,0.16,0.43243243243243246,0.5675675675675675,0.0,3.523361868296745,Robot Caught
1797989355,33,0.16,0.48484848484848486,0.2727272727272727,0.24242424242424243,4.778529117081749,Robot Caught
2026508227,21,0.16,0.7619047619047619,0.23809523809523808,0.0,3.803534969458108,Robot Caught
3522568258,34,0.16,0.47058823529411764,0.23529411764705882,0.29411764705882354,5.155295265329365,Robot Caught
1172381409,57,0.16,0.2807017543859649,0.5263157894736842,0.19298245614035087,4.269199823985482,Robot Caught
963213310,33,0.16,0.48484848484848486,0.21212121212121213,0.30303030303030304,5.395888572675548,Robot Caught
455227027,26,0.16,0.6153846153846154,0.38461538461538464,0.0,3.6939420515019585,Robot Caught
141194682,22,0.16,0.7272727272727273,0.2727272727272727,0.0,3.957790723958175,Robot Caught
706381316,28,0.16,0.5714285714285714,0.35714285714285715,0.07142857142857142,3.834059228805087,Robot Caught
84855586,33,0.16,0.48484848484848486,0.21212121212121213,0.30303030303030304,5.355058273565182,Robot Caught
3442258762,53,0.16,0.3018867924528302,0.660377358490566,0.03773584905660377,3.5059780059653174,Robot Caught
2355921581,32,0.16,0.5,0.28125,0.21875,4.443817368147425,Robot Caught
991782916,35,0.16,0.45714285714285713,0.4857142857142857,0.05714285714285714,3.577221653820376,Robot Caught
3569856675,36,0.16,0.4444444444444444,0.25,0.3055555555555556,5.0402880698439585,Robot Caught
1321560940,27,0.16,0.5925925925925926,0.4074074074074074,0.0,3.5058919497639236,Robot Caught
3905129260,33,0.16,0.48484848484848486,0.15151515151515152,0.36363636363636365,5.791139675703683,Robot Caught
2292552532,32,0.15,0.46875,0.25,0.28125,4.8056619896369295,Robot Caught
1332892054,24,0.15,0.625,0.375,0.0,3.6172912004814926,Robot Caught
3166454439,62,0.15,0.24193548387096775,0.7419354838709677,0.016129032258064516,3.0977186142984965,Robot Caught
3278576860,25,0.15,0.6,0.32,0.08,4.262108694310944,Robot Caught
3272891122,50,0.15,0.3,0.5,0.2,4.288273941579628,Robot Caught
3391444002,22,0.15,0.6818181818181818,0.22727272727272727,0.09090909090909091,4.403462651357864,Robot Caught
1377259100,35,0.15,0.42857142857142855,0.2571428571428571,0.3142857142857143,5.328037766015466,Robot Caught
832088093,27,0.15,0.5555555555555556,0.4444444444444444,0.0,3.9206304719584577,Robot Caught
3398916667,22,0.15,0.6818181818181818,0.3181818181818182,0.0,4.140597242650282,Robot Caught
3247697554,26,0.15,0.5769230769230769,0.4230769230769231,0.0,3.657965189296031,Robot Caught
2618337921,30,0.15,0.5,0.26666666666666666,0.23333333333333334,4.873042544768354,Robot Caught
1591540853,32,0.15,0.46875,0.46875,0.0625,3.8403152025373752,Robot Caught
2529323699,27,0.15,0.5555555555555556,0.37037037037037035,0.07407407407407407,4.13595126528672,Robot Caught
590562786,25,0.15,0.6,0.2,0.2,4.623611161843293,Robot Caught
1380844368,34,0.15,0.4411764705882353,0.17647058823529413,0.38235294117647056,6.05138755875628,Robot Caught
2795945412,22,0.15,0.6818181818181818,0.3181818181818182,0.0,3.6329661809871094,Robot Caught
17666386,22,0.15,0.6818181818181818,0.3181818181818182,0.0,3.714500148757759,Robot Caught
4235817398,22,0.15,0.6818181818181818,0.3181818181818182,0.0,3.7223723012552004,Robot Caught
2012789306,48,0.15,0.3125,0.6666666666666666,0.020833333333333332,3.223668571593271,Robot Caught
411537425,23,0.15,0.6521739130434783,0.30434782608695654,0.043478260869565216,3.9964458403699616,Robot Caught
2416321976,23,0.15,0.6521739130434783,0.34782608695652173,0.0,4.118633695723283,Robot Caught
385166418,35,0.15,0.42857142857142855,0.14285714285714285,0.42857142857142855,6.058816976635167,Robot Caught
608603059,22,0.14,0.6363636363636364,0.36363636363636365,0.0,3.8000166095587744,Robot Caught
3549294443,25,0.14,0.56,0.44,0.0,3.8910190205192676,Robot Caught
1626196343,21,0.14,0.6666666666666666,0.19047619047619047,0.14285714285714285,4.440715523370345,Robot Caught
1036880050,28,0.14,0.5,0.21428571428571427,0.2857142857142857,5.056572306659217,Robot Caught
2321596618,22,0.14,0.6363636363636364,0.22727272727272727,0.13636363636363635,4.33078487904414,Robot Caught
3461566865,21,0.14,0.6666666666666666,0.3333333333333333,0.0,3.6028359247351283,Robot Caught
1492808791,22,0.14,0.6363636363636364,0.36363636363636365,0.0,3.7189660417112163,Robot Caught
3467459345,34,0.14,0.4117647058823529,0.17647058823529413,0.4117647058823529,5.783122810677967,Robot Caught
4068082619,18,0.14,0.7777777777777778,0.2222222222222222,0.0,4.050363625015462,Robot Caught
507081594,20,0.14,0.7,0.3,0.0,3.9679066741109326,Robot Caught
369324445,26,0.14,0.5384615384615384,0.23076923076923078,0.23076923076923078,4.600057543091415,Robot Caught
1433663072,26,0.14,0.5384615384615384,0.38461538461538464,0.07692307692307693,4.0125306092087865,Robot Caught
1834443656,25,0.14,0.56,0.32,0.12,4.126252755282745,Robot Caught
1668021736,27,0.14,0.5185185185185185,0.2222222222222222,0.25925925925925924,4.881359061615123,Robot Caught
2280971926,30,0.14,0.4666666666666667,0.4666666666666667,0.06666666666666667,3.7482621295710854,Robot Caught
365800220,27,0.14,0.5185185185185185,0.25925925925925924,0.2222222222222222,4.610302922325624,Robot Caught
4268607024,21,0.14,0.6666666666666666,0.3333333333333333,0.0,4.012197260130854,Robot Caught
2655041994,24,0.14,0.5833333333333334,0.20833333333333334,0.20833333333333334,4.324832308044002,Robot Caught
3275374914,20,0.14,0.7,0.2,0.1,4.337809615000545,Robot Caught
3279020185,28,0.14,0.5,0.25,0.25,4.672789560408339,Robot Caught
1882869268,27,0.14,0.5185185185185185,0.2962962962962963,0.18518518518518517,4.166107636016984,Robot Caught
2984007633,32,0.14,0.4375,0.46875,0.09375,3.9623882330234825,Robot Caught
1931168798,30,0.14,0.4666666666666667,0.2,0.3333333333333333,5.614970254272476,Robot Caught
490479446,19,0.14,0.7368421052631579,0.2631578947368421,0.0,3.5698819519646716,Robot Caught
1490514588,24,0.14,0.5833333333333334,0.25,0.16666666666666666,4.501608434643134,Robot Caught
3429787002,29,0.14,0.4827586206896552,0.3448275862068966,0.1724137931034483,4.290163540378095,Robot Caught
497158381,18,0.14,0.7777777777777778,0.2222222222222222,0.0,3.8976586914443407,Robot Caught
106711981,25,0.14,0.56,0.4,0.04,3.779461998936813,Robot Caught
2233664701,27,0.14,0.5185185185185185,0.2962962962962963,0.18518518518518517,4.65105641506429,Robot Caught
575251205,31,0.14,0.45161290322580644,0.25806451612903225,0.2903225806451613,4.733640150187533,Robot Caught
174954936,20,0.14,0.7,0.25,0.05,4.3733471515154605,Robot Caught
2929386339,21,0.14,0.6666666666666666,0.23809523809523808,0.09523809523809523,4.2057831306598015,Robot Caught
462612154,30,0.14,0.4666666666666667,0.26666666666666666,0.26666666666666666,4.892303833842026,Robot Caught
3039603336,36,0.14,0.3888888888888889,0.19444444444444445,0.4166666666666667,6.138063940841065,Robot Caught
90012336,19,0.13,0.6842105263157895,0.3157894736842105,0.0,3.8799624241662745,Robot Caught
191627932,23,0.13,0.5652173913043478,0.21739130434782608,0.21739130434782608,4.538799436317872,Robot Caught
157992216,18,0.13,0.7222222222222222,0.2222222222222222,0.05555555555555555,3.983716423973339,Robot Caught
4137704057,26,0.13,0.5,0.2692307692307692,0.23076923076923078,4.517199199589351,Robot Caught
697979167,52,0.13,0.25,0.75,0.0,3.0993987203797166,Robot Caught
365625143,24,0.13,0.5416666666666666,0.25,0.20833333333333334,4.734555720877334,Robot Caught
446320817,17,0.13,0.7647058823529411,0.23529411764705882,0.0,3.644960086724444,Robot Caught
3837166570,19,0.13,0.6842105263157895,0.2631578947368421,0.05263157894736842,4.070604412676002,Robot Caught
3916961320,37,0.13,0.35135135135135137,0.5405405405405406,0.10810810810810811,3.498186296181441,Robot Caught
3040920977,33,0.13,0.3939393939393939,0.21212121212121213,0.3939393939393939,5.548316903456075,Robot Caught
4288540031,24,0.13,0.5416666666666666,0.16666666666666666,0.2916666666666667,4.880263078197589,Robot Caught
3718881614,20,0.13,0.65,0.35,0.0,3.6929083125986453,Robot Caught
389365249,21,0.13,0.6190476190476191,0.23809523809523808,0.14285714285714285,4.1008781090776525,Robot Caught
3693255739,27,0.13,0.48148148148148145,0.25925925925925924,0.25925925925925924,4.598968287691429,Robot Caught
2570740419,29,0.13,0.4482758620689655,0.27586206896551724,0.27586206896551724,4.804204427915711,Robot Caught
3452072724,32,0.13,0.40625,0.5625,0.03125,3.389819497531859,Robot Caught
2786339647,31,0.13,0.41935483870967744,0.25806451612903225,0.3225806451612903,5.082906060493863,Robot Caught
2623892407,28,0.13,0.4642857142857143,0.32142857142857145,0.21428571428571427,4.438741420890856,Robot Caught
1721747036,28,0.13,0.4642857142857143,0.2857142857142857,0.25,4.783403809998299,Robot Caught
3002570482,42,0.13,0.30952380952380953,0.6904761904761905,0.0,3.104754378174626,Robot Caught
1725341154,21,0.13,0.6190476190476191,0.38095238095238093,0.0,3.9082854218674754,Robot Caught
3331676956,21,0.13,0.6190476190476191,0.23809523809523808,0.14285714285714285,4.250010313795509,Robot Caught
141683507,18,0.13,0.7222222222222222,0.2777777777777778,0.0,3.9279092144452292,Robot Caught
3610685178,33,0.13,0.3939393939393939,0.15151515151515152,0.45454545454545453,6.431648451620805,Robot Caught
3615711046,33,0.13,0.3939393939393939,0.3939393939393939,0.21212121212121213,4.265744349726048,Robot Caught
2174855797,24,0.13,0.5416666666666666,0.2916666666666667,0.16666666666666666,4.382297856217289,Robot Caught
1702873977,21,0.13,0.6190476190476191,0.23809523809523808,0.14285714285714285,4.3536124084436825,Robot Caught
3517047491,25,0.13,0.52,0.32,0.16,4.141489978596999,Robot Caught
2085779512,20,0.13,0.65,0.35,0.0,4.130221237156549,Robot Caught
1350349396,19,0.13,0.6842105263157895,0.2631578947368421,0.05263157894736842,3.8213863575465252,Robot Caught
3969283127,20,0.12,0.6,0.4,0.0,3.7734724295443365,Robot Caught
2387812319,18,0.12,0.6666666666666666,0.2222222222222222,0.1111111111111111,4.281551887907534,Robot Caught
585483541,17,0.12,0.7058823529411765,0.29411764705882354,0.0,3.8720234786355197,Robot Caught
2664451647,20,0.12,0.6,0.4,0.0,3.608954137817917,Robot Caught
2657370722,28,0.12,0.42857142857142855,0.25,0.32142857142857145,5.25101912362173,Robot Caught
2475722446,19,0.12,0.631578947368421,0.3684210526315789,0.0,3.811196581221043,Robot Caught
3988392559,27,0.12,0.4444444444444444,0.25925925925925924,0.2962962962962963,4.988149737731908,Robot Caught
213530893,47,0.12,0.2553191489361702,0.7446808510638298,0.0,3.093587881343076,Robot Caught
1851742611,18,0.12,0.6666666666666666,0.3333333333333333,0.0,3.9332948934346814,Robot Caught
2501173373,33,0.12,0.36363636363636365,0.5151515151515151,0.12121212121212122,3.8344168973274892,Robot Caught
429596737,27,0.12,0.4444444444444444,0.2222222222222222,0.3333333333333333,5.233151416373738,Robot Caught
794166683,22,0.12,0.5454545454545454,0.22727272727272727,0.22727272727272727,4.734562043168015,Robot Caught
1861736174,25,0.12,0.48,0.28,0.24,4.653291981623068,Robot Caught
2500942427,30,0.12,0.4,0.36666666666666664,0.23333333333333334,4.642027174427331,Robot Caught
4233647554,20,0.12,0.6,0.4,0.0,3.679199412049795,Robot Caught
2805621267,19,0.12,0.631578947368421,0.3684210526315789,0.0,3.81593528843351,Robot Caught
648048913,18,0.12,0.6666666666666666,0.3333333333333333,0.0,4.1949320767918055,Robot Caught
4159364436,20,0.12,0.6,0.35,0.05,3.9685923888536223,Robot Caught
2294488800,30,0.12,0.4,0.36666666666666664,0.23333333333333334,4.611405660396015,Robot Caught
462614503,18,0.12,0.6666666666666666,0.3333333333333333,0.0,3.6888115459787545,Robot Caught
1217333712,21,0.12,0.5714285714285714,0.2857142857142857,0.14285714285714285,4.309723282803336,Robot Caught
4179859714,19,0.12,0.631578947368421,0.2631578947368421,0.10526315789473684,4.062758672828224,Robot Caught
3891788325,22,0.12,0.5454545454545454,0.22727272727272727,0.22727272727272727,4.452294873380212,Robot Caught
482288546,27,0.12,0.4444444444444444,0.5185185185185185,0.037037037037037035,3.6619785216564336,Robot Caught
899371473,16,0.12,0.75,0.25,0.0,3.6027135305192983,Robot Caught
1469861091,25,0.12,0.48,0.48,0.04,3.742566954612307,Robot Caught
3247654266,49,0.12,0.24489795918367346,0.6530612244897959,0.10204081632653061,3.700713626210713,Robot Caught
4189916216,17,0.12,0.7058823529411765,0.29411764705882354,0.0,3.7310874963576315,Robot Caught
3956030463,18,0.12,0.6666666666666666,0.3333333333333333,0.0,3.979497371516617,Robot Caught
3293522821,21,0.12,0.5714285714285714,0.42857142857142855,0.0,3.639046004047954,Robot Caught
54273597,24,0.12,0.5,0.3333333333333333,0.16666666666666666,4.338720137674293,Robot Caught
2236534179,24,0.12,0.5,0.25,0.25,4.652880354098438,Robot Caught
1439149163,28,0.12,0.42857142857142855,0.21428571428571427,0.35714285714285715,5.344841500820109,Robot Caught
1499245443,29,0.12,0.41379310344827586,0.27586206896551724,0.3103448275862069,4.844241959297048,Robot Caught
2582727373,39,0.12,0.3076923076923077,0.6666666666666666,0.02564102564102564,3.4053983954503373,Robot Caught
2707705578,80,0.12,0.15,0.85,0.0,3.0401568057895236,Robot Caught
802851388,23,0.12,0.5217391304347826,0.21739130434782608,0.2608695652173913,4.8377165769714665,Robot Caught
1353364938,22,0.12,0.5454545454545454,0.45454545454545453,0.0,3.5968142272433905,Robot Caught
2514023370,19,0.11,0.5789473684210527,0.2631578947368421,0.15789473684210525,4.095249056874698,Robot Caught
4253524613,35,0.11,0.3142857142857143,0.6857142857142857,0.0,3.2575910347570294,Robot Caught
2237790368,22,0.11,0.5,0.2727272727272727,0.22727272727272727,4.5794485897355095,Robot Caught
3599632694,20,0.11,0.55,0.15,0.3,5.22307508305932,Robot Caught
2470804704,30,0.11,0.36666666666666664,0.6333333333333333,0.0,3.155272195029467,Robot Caught
449826317,36,0.11,0.3055555555555556,0.4166666666666667,0.2777777777777778,4.727785305205902,Robot Caught
910747250,15,0.11,0.7333333333333333,0.26666666666666666,0.0,4.057154193393278,Robot Caught
1348274185,29,0.11,0.3793103448275862,0.2413793103448276,0.3793103448275862,5.51462524514095,Robot Caught
2314660087,32,0.11,0.34375,0.46875,0.1875,4.247054869269588,Robot Caught
1085994000,23,0.11,0.4782608695652174,0.13043478260869565,0.391304347826087,5.836991922651628,Robot Caught
1761661535,24,0.11,0.4583333333333333,0.25,0.2916666666666667,4.8434939565957995,Robot Caught
1991932382,37,0.11,0.2972972972972973,0.32432432432432434,0.3783783783783784,5.762026394504492,Robot Caught
4163037099,30,0.11,0.36666666666666664,0.2,0.43333333333333335,5.959070204850284,Robot Caught
4122274382,27,0.11,0.4074074074074074,0.3333333333333333,0.25925925925925924,4.616123809812977,Robot Caught
755776248,24,0.11,0.4583333333333333,0.20833333333333334,0.3333333333333333,5.333205761973115,Robot Caught
2894297936,24,0.11,0.4583333333333333,0.20833333333333334,0.3333333333333333,5.226721459371458,Robot Caught
1883373296,25,0.11,0.44,0.24,0.32,5.14185472782969,Robot Caught
2202426741,19,0.11,0.5789473684210527,0.42105263157894735,0.0,3.6839972795700633,Robot Caught
1918319491,25,0.11,0.44,0.24,0.32,5.016678071925456,Robot Caught
3531519549,28,0.11,0.39285714285714285,0.32142857142857145,0.2857142857142857,4.817620391681184,Robot Caught
2790482478,31,0.11,0.3548387096774194,0.22580645161290322,0.41935483870967744,5.93422628243657,Robot Caught
860205584,30,0.11,0.36666666666666664,0.43333333333333335,0.2,4.26619401459535,Robot Caught
3344442643,26,0.11,0.4230769230769231,0.19230769230769232,0.38461538461538464,5.564252283225182,Robot Caught
3137652398,19,0.11,0.5789473684210527,0.21052631578947367,0.21052631578947367,4.5470829122659175,Robot Caught
1554366765,23,0.11,0.4782608695652174,0.5217391304347826,0.0,3.5150385743022876,Robot Caught
997519718,16,0.11,0.6875,0.25,0.0625,3.8958878841303424,Robot Caught
3778473348,23,0.11,0.4782608695652174,0.30434782608695654,0.21739130434782608,4.49625235883404,Robot Caught
926086346,21,0.11,0.5238095238095238,0.3333333333333333,0.14285714285714285,4.146809290942241,Robot Caught
1197939064,21,0.11,0.5238095238095238,0.3333333333333333,0.14285714285714285,4.2822434468512505,Robot Caught
718810388,23,0.11,0.4782608695652174,0.2608695652173913,0.2608695652173913,4.706838925298988,Robot Caught
1330415246,29,0.11,0.3793103448275862,0.2413793103448276,0.3793103448275862,5.802503494430236,Robot Caught
2227073871,23,0.1,0.43478260869565216,0.17391304347826086,0.391304347826087,5.86660199526265,Robot Caught
4085680755,28,0.1,0.35714285714285715,0.25,0.39285714285714285,5.795325595085742,Robot Caught
4225980617,25,0.1,0.4,0.28,0.32,5.277517839088166,Robot Caught
2738059374,20,0.1,0.5,0.3,0.2,4.183256773604337,Robot Caught
1375740618,16,0.1,0.625,0.375,0.0,3.715192531174991,Robot Caught
5629086,27,0.1,0.37037037037037035,0.18518518518518517,0.4444444444444444,6.12412789894786,Robot Caught
2810065092,23,0.1,0.43478260869565216,0.30434782608695654,0.2608695652173913,4.432484349058605,Robot Caught
2029254322,15,0.1,0.6666666666666666,0.3333333333333333,0.0,3.866661890003918,Robot Caught
3131606982,29,0.1,0.3448275862068966,0.3103448275862069,0.3448275862068966,5.157479525480244,Robot Caught
2254016193,30,0.1,0.3333333333333333,0.23333333333333334,0.43333333333333335,6.239760309007455,Robot Caught
1801901060,57,0.1,0.17543859649122806,0.8245614035087719,0.0,3.0116900037635936,Robot Caught
4039005001,23,0.1,0.43478260869565216,0.2608695652173913,0.30434782608695654,5.019731586070202,Robot Caught
3270882851,16,0.1,0.625,0.375,0.0,3.5731902726939926,Robot Caught
1676258341,19,0.1,0.5263157894736842,0.47368421052631576,0.0,3.664998902777607,Robot Caught
3836502537,49,0.1,0.20408163265306123,0.7959183673469388,0.0,2.995388588943768,Robot Caught
3537067880,28,0.1,0.35714285714285715,0.21428571428571427,0.42857142857142855,6.234519207841841,Robot Caught
1362997415,26,0.1,0.38461538461538464,0.23076923076923078,0.38461538461538464,5.844953187989688,Robot Caught
1805731541,19,0.1,0.5263157894736842,0.3684210526315789,0.10526315789473684,4.0779960216059035,Robot Caught
3414634233,18,0.1,0.5555555555555556,0.3333333333333333,0.1111111111111111,4.079546084169569,Robot Caught
1268525203,23,0.1,0.43478260869565216,0.17391304347826086,0.391304347826087,5.618200990797936,Robot Caught
375733645,26,0.1,0.38461538461538464,0.23076923076923078,0.38461538461538464,5.665797635364647,Robot Caught
1997684983,26,0.1,0.38461538461538464,0.38461538461538464,0.23076923076923078,4.442747139839612,Robot Caught
2463965412,14,0.1,0.7142857142857143,0.2857142857142857,0.0,3.854433222605686,Robot Caught
2309317617,16,0.1,0.625,0.375,0.0,3.771945544112775,Robot Caught
1546109707,30,0.1,0.3333333333333333,0.6666666666666666,0.0,3.2421253224462787,Robot Caught
2832287938,14,0.1,0.7142857142857143,0.2857142857142857,0.0,3.7721940666916436,Robot Caught
2275068158,21,0.1,0.47619047619047616,0.2857142857142857,0.23809523809523808,4.548680578896578,Robot Caught
3434999630,15,0.1,0.6666666666666666,0.3333333333333333,0.0,3.494637393216285,Robot Caught
7933264,18,0.1,0.5555555555555556,0.2222222222222222,0.2222222222222222,4.3764838677019515,Robot Caught
3238709212,44,0.1,0.22727272727272727,0.6818181818181818,0.09090909090909091,3.324285283353358,Robot Caught
261768916,17,0.1,0.5882352941176471,0.29411764705882354,0.11764705882352941,4.028964390565319,Robot Caught
2122536005,24,0.1,0.4166666666666667,0.2916666666666667,0.2916666666666667,4.77064628640938,Robot Caught
758625958,18,0.1,0.5555555555555556,0.2777777777777778,0.16666666666666666,4.296964951887215,Robot Caught
2920553801,27,0.1,0.37037037037037035,0.2222222222222222,0.4074074074074074,5.816936711682381,Robot Caught
1907467477,20,0.1,0.5,0.2,0.3,5.014351521218299,Robot Caught
675068513,26,0.1,0.38461538461538464,0.2692307692307692,0.34615384615384615,5.311708336155751,Robot Caught
334379952,21,0.1,0.47619047619047616,0.5238095238095238,0.0,3.3325281205327704,Robot Caught
3448199409,16,0.1,0.625,0.375,0.0,3.7104479404216564,Robot Caught
3855045793,16,0.1,0.625,0.3125,0.0625,4.2694322174479,Robot Caught
2636972450,17,0.1,0.5882352941176471,0.29411764705882354,0.11764705882352941,4.1872643765016315,Robot Caught
609007105,24,0.1,0.4166666666666667,0.5833333333333334,0.0,3.446795918421502,Robot Caught
3550169709,20,0.1,0.5,0.5,0.0,3.525037682340622,Robot Caught
3513484587,24,0.1,0.4166666666666667,0.20833333333333334,0.375,5.777963716445669,Robot Caught
955401659,17,0.1,0.5882352941176471,0.29411764705882354,0.11764705882352941,4.100757933955952,Robot Caught
3357835216,20,0.1,0.5,0.5,0.0,3.5672105084841315,Robot Caught
1442190566,24,0.1,0.4166666666666667,0.3333333333333333,0.25,4.451329279151,Robot Caught
2679523790,47,0.1,0.2127659574468085,0.6808510638297872,0.10638297872340426,3.6424398932448097,Robot Caught
1207505146,20,0.1,0.5,0.15,0.35,5.201346096541888,Robot Caught
6406368,18,0.09,0.5,0.3888888888888889,0.1111111111111111,3.9859325806290777,Robot Caught
3329367936,22,0.09,0.4090909090909091,0.3181818181818182,0.2727272727272727,4.720415702618683,Robot Caught
2297460906,17,0.09,0.5294117647058824,0.35294117647058826,0.11764705882352941,3.960422579777392,Robot Caught
2090719681,23,0.09,0.391304347826087,0.30434782608695654,0.30434782608695654,4.716165838312986,Robot Caught
270539619,27,0.09,0.3333333333333333,0.4444444444444444,0.2222222222222222,4.309000198107145,Robot Caught
1218223042,20,0.09,0.45,0.35,0.2,4.273792103630313,Robot Caught
2338364640,19,0.09,0.47368421052631576,0.3157894736842105,0.21052631578947367,4.442502355963241,Robot Caught
1600207830,25,0.09,0.36,0.36,0.28,4.7802499190401875,Robot Caught
1889024933,14,0.09,0.6428571428571429,0.35714285714285715,0.0,3.8320223402046563,Robot Caught
4222967278,15,0.09,0.6,0.4,0.0,3.7737186426726868,Robot Caught
2915642867,14,0.09,0.6428571428571429,0.35714285714285715,0.0,3.8471852064564085,Robot Caught
2092005729,22,0.09,0.4090909090909091,0.36363636363636365,0.22727272727272727,4.3623062422324335,Robot Caught
3819455910,38,0.09,0.23684210526315788,0.5526315789473685,0.21052631578947367,4.134515348713607,Robot Caught
2497884416,48,0.09,0.1875,0.8125,0.0,3.054703224250266,Robot Caught
2989304918,30,0.09,0.3,0.3,0.4,5.305442842866025,Robot Caught
1948216696,15,0.09,0.6,0.4,0.0,3.5803246365317136,Robot Caught
4247557131,17,0.09,0.5294117647058824,0.35294117647058826,0.11764705882352941,4.226124340346241,Robot Caught
2693071301,44,0.09,0.20454545454545456,0.6590909090909091,0.13636363636363635,3.5990049010439282,Robot Caught
3405317785,32,0.09,0.28125,0.375,0.34375,5.324381257528466,Robot Caught
3921557051,21,0.09,0.42857142857142855,0.23809523809523808,0.3333333333333333,5.2736574374991125,Robot Caught
993473378,14,0.09,0.6428571428571429,0.35714285714285715,0.0,3.5332876579471266,Robot Caught
1474494078,16,0.09,0.5625,0.3125,0.125,4.082208019501974,Robot Caught
3056032291,21,0.09,0.42857142857142855,0.19047619047619047,0.38095238095238093,5.3559378987564426,Robot Caught
3575732030,18,0.09,0.5,0.5,0.0,3.506496334429814,Robot Caught
602244830,20,0.09,0.45,0.25,0.3,4.688060872679822,Robot Caught
654910268,32,0.09,0.28125,0.4375,0.28125,4.7089722705191,Robot Caught
2924687041,36,0.09,0.25,0.5277777777777778,0.2222222222222222,4.226322054043063,Robot Caught
4095800815,21,0.09,0.42857142857142855,0.5238095238095238,0.047619047619047616,3.6917906039521644,Robot Caught
1421316384,16,0.09,0.5625,0.4375,0.0,3.3739369728127464,Robot Caught
261085740,16,0.09,0.5625,0.375,0.0625,4.0839228060289985,Robot Caught
4136938323,19,0.09,0.47368421052631576,0.3157894736842105,0.21052631578947367,4.187554785052989,Robot Caught
475268952,60,0.09,0.15,0.7666666666666667,0.08333333333333333,3.3884950781801426,Robot Caught
1003165433,17,0.09,0.5294117647058824,0.4117647058823529,0.058823529411764705,3.8753445252146017,Robot Caught
3194572579,19,0.09,0.47368421052631576,0.47368421052631576,0.05263157894736842,3.7289797059831336,Robot Caught
1668738818,25,0.09,0.36,0.52,0.12,3.9209186014256097,Robot Caught
930509933,19,0.09,0.47368421052631576,0.5263157894736842,0.0,3.2213348845965206,Robot Caught
824909656,20,0.09,0.45,0.2,0.35,5.302103735801533,Robot Caught
3924810510,22,0.09,0.4090909090909091,0.22727272727272727,0.36363636363636365,5.53566946342992,Robot Caught
1761699910,15,0.09,0.6,0.3333333333333333,0.06666666666666667,4.0489156109954045,Robot Caught
811757777,23,0.09,0.391304347826087,0.30434782608695654,0.30434782608695654,4.669361262224569,Robot Caught
1267025791,18,0.09,0.5,0.5,0.0,3.6558351354067273,Robot Caught
2118890489,14,0.09,0.6428571428571429,0.35714285714285715,0.0,3.5904603781069717,Robot Caught
3007114234,21,0.09,0.42857142857142855,0.2857142857142857,0.2857142857142857,4.740956598722278,Robot Caught
3813750862,15,0.09,0.6,0.4,0.0,3.693124863142457,Robot Caught
1693417294,17,0.09,0.5294117647058824,0.29411764705882354,0.17647058823529413,4.142716550128614,Robot Caught
1531501206,16,0.09,0.5625,0.4375,0.0,3.6838439074187947,Robot Caught
1394295600,23,0.08,0.34782608695652173,0.2608695652173913,0.391304347826087,5.4073170204387395,Robot Caught
811924977,13,0.08,0.6153846153846154,0.38461538461538464,0.0,3.661786257609165,Robot Caught
4056405183,27,0.08,0.2962962962962963,0.5925925925925926,0.1111111111111111,3.602913053356902,Robot Caught
3647928769,55,0.08,0.14545454545454545,0.8,0.05454545454545454,3.150219354584833,Robot Caught
325567003,20,0.08,0.4,0.15,0.45,5.915958539900485,Robot Caught
3650752045,17,0.08,0.47058823529411764,0.47058823529411764,0.058823529411764705,3.727552613669595,Robot Caught
1458769697,16,0.08,0.5,0.3125,0.1875,4.445402373480498,Robot Caught
4191528617,45,0.08,0.17777777777777778,0.6888888888888889,0.13333333333333333,3.5966432292919723,Robot Caught
1305811352,36,0.08,0.2222222222222222,0.6944444444444444,0.08333333333333333,3.364938836850888,Robot Caught
2373979102,18,0.08,0.4444444444444444,0.5555555555555556,0.0,3.352969041685815,Robot Caught
3725729006,22,0.08,0.36363636363636365,0.45454545454545453,0.18181818181818182,4.178453385165327,Robot Caught
1252754225,20,0.08,0.4,0.25,0.35,5.195846180695003,Robot Caught
2385988875,14,0.08,0.5714285714285714,0.42857142857142855,0.0,3.435958846833482,Robot Caught
3980471206,23,0.08,0.34782608695652173,0.5652173913043478,0.08695652173913043,3.540868178990911,Robot Caught
1252109090,14,0.08,0.5714285714285714,0.2857142857142857,0.14285714285714285,4.219805831968978,Robot Caught
800155844,12,0.08,0.6666666666666666,0.3333333333333333,0.0,3.446927378460268,Robot Caught
1125829121,12,0.08,0.6666666666666666,0.3333333333333333,0.0,3.399685487216841,Robot Caught
3455744884,14,0.08,0.5714285714285714,0.42857142857142855,0.0,3.4866143621337597,Robot Caught
4129378462,19,0.08,0.42105263157894735,0.3684210526315789,0.21052631578947367,4.192789948915716,Robot Caught
1164243239,19,0.08,0.42105263157894735,0.3684210526315789,0.21052631578947367,4.343124014563899,Robot Caught
1947478751,18,0.08,0.4444444444444444,0.5555555555555556,0.0,3.35288164931118,Robot Caught
477952083,24,0.08,0.3333333333333333,0.5,0.16666666666666666,4.037336932985843,Robot Caught
3547070341,30,0.08,0.26666666666666666,0.7333333333333333,0.0,3.3615044687938664,Robot Caught
1654126887,19,0.08,0.42105263157894735,0.3684210526315789,0.21052631578947367,4.317536529572763,Robot Caught
1427426314,18,0.08,0.4444444444444444,0.2777777777777778,0.2777777777777778,4.580669640526575,Robot Caught
3390358432,16,0.08,0.5,0.5,0.0,3.4046328583439047,Robot Caught
2788137842,19,0.08,0.42105263157894735,0.5789473684210527,0.0,3.4287762775630304,Robot Caught
568345684,49,0.08,0.16326530612244897,0.7142857142857143,0.12244897959183673,3.6457192530478397,Robot Caught
2807389476,17,0.08,0.47058823529411764,0.29411764705882354,0.23529411764705882,4.468249396855725,Robot Caught
2567247862,15,0.08,0.5333333333333333,0.4666666666666667,0.0,3.3801810532894208,Robot Caught
475399549,20,0.08,0.4,0.25,0.35,5.009464341898165,Robot Caught
2063022829,12,0.08,0.6666666666666666,0.3333333333333333,0.0,3.9217658487933593,Robot Caught
3066475177,15,0.08,0.5333333333333333,0.4,0.06666666666666667,3.8114650722071417,Robot Caught
671502198,28,0.08,0.2857142857142857,0.7142857142857143,0.0,3.2356326084416764,Robot Caught
2304281109,17,0.08,0.47058823529411764,0.47058823529411764,0.058823529411764705,3.6672598519617274,Robot Caught
1554091926,16,0.08,0.5,0.3125,0.1875,4.337986937673794,Robot Caught
2528021317,12,0.08,0.6666666666666666,0.3333333333333333,0.0,3.308653586862865,Robot Caught
3046119631,17,0.08,0.47058823529411764,0.29411764705882354,0.23529411764705882,4.547228283946389,Robot Caught
3376731144,17,0.08,0.47058823529411764,0.29411764705882354,0.23529411764705882,4.58372659131701,Robot Caught
463259737,26,0.08,0.3076923076923077,0.2692307692307692,0.4230769230769231,5.266213041115719,Robot Caught
19571740,13,0.08,0.6153846153846154,0.38461538461538464,0.0,3.6861884857322957,Robot Caught
202307692,12,0.08,0.6666666666666666,0.3333333333333333,0.0,3.9891728003186935,Robot Caught
2169475390,19,0.08,0.42105263157894735,0.2631578947368421,0.3157894736842105,4.90770064372794,Robot Caught
439734748,15,0.08,0.5333333333333333,0.4,0.06666666666666667,3.7041452549213387,Robot Caught
3164573881,22,0.08,0.36363636363636365,0.22727272727272727,0.4090909090909091,5.823250160729203,Robot Caught
890137690,16,0.08,0.5,0.3125,0.1875,4.104558284870377,Robot Caught
3037414307,13,0.07,0.5384615384615384,0.46153846153846156,0.0,3.699163181042652,Robot Caught
1142603642,15,0.07,0.4666666666666667,0.4666666666666667,0.06666666666666667,3.733643184192178,Robot Caught
121820624,21,0.07,0.3333333333333333,0.42857142857142855,0.23809523809523808,4.347356531847143,Robot Caught
459620733,17,0.07,0.4117647058823529,0.35294117647058826,0.23529411764705882,4.341913804285237,Robot Caught
1667081080,13,0.07,0.5384615384615384,0.3076923076923077,0.15384615384615385,3.944838187618425,Robot Caught
3120088279,14,0.07,0.5,0.35714285714285715,0.14285714285714285,4.0928772594689145,Robot Caught
2046709885,43,0.07,0.16279069767441862,0.8372093023255814,0.0,3.141867541444944,Robot Caught
1044346159,14,0.07,0.5,0.35714285714285715,0.14285714285714285,4.079966529839028,Robot Caught
3681950792,16,0.07,0.4375,0.25,0.3125,4.878483541055589,Robot Caught
669237417,14,0.07,0.5,0.42857142857142855,0.07142857142857142,3.9538404472042683,Robot Caught
552037724,20,0.07,0.35,0.2,0.45,5.905044494090999,Robot Caught
4273574860,20,0.07,0.35,0.4,0.25,4.3286415120852615,Robot Caught
4268205315,11,0.07,0.6363636363636364,0.36363636363636365,0.0,3.3956827588621907,Robot Caught
3358144332,14,0.07,0.5,0.35714285714285715,0.14285714285714285,4.3045780601229975,Robot Caught
2334293701,18,0.07,0.3888888888888889,0.3888888888888889,0.2222222222222222,4.35889064032497,Robot Caught
1115107206,38,0.07,0.18421052631578946,0.7894736842105263,0.02631578947368421,3.1408686050017063,Robot Caught
3188275759,26,0.07,0.2692307692307692,0.2692307692307692,0.46153846153846156,6.22907597901273,Robot Caught
185977642,15,0.07,0.4666666666666667,0.26666666666666666,0.26666666666666666,4.687677083961549,Robot Caught
2222337072,21,0.07,0.3333333333333333,0.5714285714285714,0.09523809523809523,3.6610928397551086,Robot Caught
3021676629,14,0.07,0.5,0.5,0.0,3.6355222032619223,Robot Caught
523338422,17,0.07,0.4117647058823529,0.5882352941176471,0.0,3.2345753981600835,Robot Caught
3230434066,16,0.07,0.4375,0.375,0.1875,4.1423511156555435,Robot Caught
555161638,30,0.07,0.23333333333333334,0.5333333333333333,0.23333333333333334,4.411331342357484,Robot Caught
3050690560,22,0.07,0.3181818181818182,0.5454545454545454,0.13636363636363635,3.649310066901405,Robot Caught
1855174530,14,0.07,0.5,0.2857142857142857,0.21428571428571427,4.227580450294664,Robot Caught
2800635403,35,0.07,0.2,0.7428571428571429,0.05714285714285714,3.173896768324465,Robot Caught
918045280,32,0.07,0.21875,0.71875,0.0625,3.2293529698731245,Robot Caught
2723470792,19,0.07,0.3684210526315789,0.3157894736842105,0.3157894736842105,4.783491670005772,Robot Caught
1343470080,19,0.07,0.3684210526315789,0.3684210526315789,0.2631578947368421,4.687635396770637,Robot Caught
1647404536,25,0.07,0.28,0.4,0.32,4.704336482946565,Robot Caught
566599138,29,0.07,0.2413793103448276,0.6896551724137931,0.06896551724137931,3.3960445482541273,Robot Caught
2240715385,13,0.07,0.5384615384615384,0.46153846153846156,0.0,3.645771296227897,Robot Caught
575736502,22,0.07,0.3181818181818182,0.6363636363636364,0.045454545454545456,3.2644802782496964,Robot Caught
3348308412,23,0.07,0.30434782608695654,0.2608695652173913,0.43478260869565216,5.507659995021653,Robot Caught
182680577,19,0.07,0.3684210526315789,0.3157894736842105,0.3157894736842105,5.007432993622202,Robot Caught
2291876589,15,0.07,0.4666666666666667,0.5333333333333333,0.0,3.4552418258725948,Robot Caught
3767923255,17,0.07,0.4117647058823529,0.35294117647058826,0.23529411764705882,4.370185756890808,Robot Caught
1947666334,21,0.07,0.3333333333333333,0.2857142857142857,0.38095238095238093,5.872936658036932,Robot Caught
2633365574,22,0.07,0.3181818181818182,0.22727272727272727,0.45454545454545453,5.74816460661528,Robot Caught
1532126504,31,0.07,0.22580645161290322,0.7741935483870968,0.0,3.205572970745488,Robot Caught
3290631763,20,0.07,0.35,0.45,0.2,4.197169892763137,Robot Caught
1480367251,16,0.07,0.4375,0.3125,0.25,4.5563118503694815,Robot Caught
2208970448,15,0.06,0.4,0.4666666666666667,0.13333333333333333,3.8119896525331245,Robot Caught
4109012870,12,0.06,0.5,0.3333333333333333,0.16666666666666666,4.164271954634029,Robot Caught
4246713302,10,0.06,0.6,0.4,0.0,3.6764627612195726,Robot Caught
2572318950,10,0.06,0.6,0.4,0.0,3.759315924160145,Robot Caught
3362936735,18,0.06,0.3333333333333333,0.6666666666666666,0.0,3.324279796863455,Robot Caught
2845520062,27,0.06,0.2222222222222222,0.2222222222222222,0.5555555555555556,6.679403001735447,Robot Caught
1842008707,12,0.06,0.5,0.3333333333333333,0.16666666666666666,4.128957508443942,Robot Caught
3926102871,14,0.06,0.42857142857142855,0.5714285714285714,0.0,3.351783813447356,Robot Caught
1087635894,20,0.06,0.3,0.35,0.35,4.9513333406017335,Robot Caught
3104771510,27,0.06,0.2222222222222222,0.37037037037037035,0.4074074074074074,5.9166015771660225,Robot Caught
1736732218,16,0.06,0.375,0.625,0.0,3.268749587529855,Robot Caught
4290755205,15,0.06,0.4,0.4,0.2,4.00628191978328,Robot Caught
468690820,15,0.06,0.4,0.3333333333333333,0.26666666666666666,4.531366278266573,Robot Caught
2248947802,13,0.06,0.46153846153846156,0.46153846153846156,0.07692307692307693,3.8018778267452173,Robot Caught
616597776,14,0.06,0.42857142857142855,0.5714285714285714,0.0,3.500286838998615,Robot Caught
1095565150,15,0.06,0.4,0.4,0.2,4.183023769309612,Robot Caught
3641870605,13,0.06,0.46153846153846156,0.46153846153846156,0.07692307692307693,3.491585259300433,Robot Caught
203708463,12,0.06,0.5,0.5,0.0,3.551393324796344,Robot Caught
1013347182,42,0.06,0.14285714285714285,0.8571428571428571,0.0,2.8956505435338737,Robot Caught
2611754021,21,0.06,0.2857142857142857,0.23809523809523808,0.47619047619047616,6.051912250222999,Robot Caught
2722298704,18,0.06,0.3333333333333333,0.4444444444444444,0.2222222222222222,4.256090510407341,Robot Caught
819195082,14,0.06,0.42857142857142855,0.35714285714285715,0.21428571428571427,4.224756351940208,Robot Caught
2684718131,10,0.06,0.6,0.4,0.0,3.3228553438317014,Robot Caught
2950246744,11,0.06,0.5454545454545454,0.45454545454545453,0.0,3.4215079008811498,Robot Caught
3253411052,13,0.06,0.46153846153846156,0.46153846153846156,0.07692307692307693,3.46170502647207,Robot Caught
326839012,16,0.06,0.375,0.375,0.25,4.245418017442073,Robot Caught
1355634635,11,0.06,0.5454545454545454,0.45454545454545453,0.0,3.4588544413660456,Robot Caught
4087087146,12,0.06,0.5,0.5,0.0,3.384157957745963,Robot Caught
2506338573,17,0.06,0.35294117647058826,0.29411764705882354,0.35294117647058826,4.72736100918343,Robot Caught
4146173583,17,0.06,0.35294117647058826,0.35294117647058826,0.29411764705882354,4.518865868905401,Robot Caught
4208475730,13,0.06,0.46153846153846156,0.3076923076923077,0.23076923076923078,4.428563601692815,Robot Caught
1464963111,13,0.06,0.46153846153846156,0.3076923076923077,0.23076923076923078,4.391005522417597,Robot Caught
1789599310,12,0.06,0.5,0.5,0.0,3.3090452087747937,Robot Caught
8326906,29,0.06,0.20689655172413793,0.41379310344827586,0.3793103448275862,5.5307277226316085,Robot Caught
3406103254,12,0.06,0.5,0.3333333333333333,0.16666666666666666,4.2601468278116785,Robot Caught
1921076952,13,0.06,0.46153846153846156,0.38461538461538464,0.15384615384615385,4.042395056912822,Robot Caught
1327399877,15,0.06,0.4,0.26666666666666666,0.3333333333333333,5.042855889325713,Robot Caught
2215274001,12,0.06,0.5,0.5,0.0,3.678092869731559,Robot Caught
1941651578,40,0.06,0.15,0.825,0.025,2.9986350000256707,Robot Caught
2855841749,12,0.06,0.5,0.3333333333333333,0.16666666666666666,4.212418186581416,Robot Caught
2021652979,11,0.06,0.5454545454545454,0.45454545454545453,0.0,3.537155319968088,Robot Caught
719660526,18,0.06,0.3333333333333333,0.2222222222222222,0.4444444444444444,5.543730088184082,Robot Caught
405033310,10,0.06,0.6,0.4,0.0,3.694902949829769,Robot Caught
2906913879,13,0.06,0.46153846153846156,0.38461538461538464,0.15384615384615385,4.01578727672781,Robot Caught
1641424414,12,0.06,0.5,0.4166666666666667,0.08333333333333333,3.8949036752468196,Robot Caught
3323680420,14,0.05,0.35714285714285715,0.35714285714285715,0.2857142857142857,4.530878421794498,Robot Caught
253206594,35,0.05,0.14285714285714285,0.6857142857142857,0.17142857142857143,3.9321528348739614,Robot Caught
2903480345,12,0.05,0.4166666666666667,0.4166666666666667,0.16666666666666666,4.075330308930144,Robot Caught
1183749164,10,0.05,0.5,0.4,0.1,3.658670580471143,Robot Caught
2018581367,13,0.05,0.38461538461538464,0.46153846153846156,0.15384615384615385,3.806840189090643,Robot Caught
3496311238,12,0.05,0.4166666666666667,0.5833333333333334,0.0,3.280599099748962,Robot Caught
3361519374,14,0.05,0.35714285714285715,0.35714285714285715,0.2857142857142857,4.227161053408058,Robot Caught
2871493083,13,0.05,0.38461538461538464,0.38461538461538464,0.23076923076923078,4.155056374768442,Robot Caught
1733901714,10,0.05,0.5,0.5,0.0,3.1474199154468296,Robot Caught
2398578358,12,0.05,0.4166666666666667,0.3333333333333333,0.25,4.643685090362558,Robot Caught
2936931118,10,0.05,0.5,0.5,0.0,3.4060507835051483,Robot Caught
3948604155,12,0.05,0.4166666666666667,0.3333333333333333,0.25,4.584519746216746,Robot Caught
385111746,11,0.05,0.45454545454545453,0.5454545454545454,0.0,3.2307619679245363,Robot Caught
1439437481,12,0.05,0.4166666666666667,0.3333333333333333,0.25,4.365758777278721,Robot Caught
2524689235,12,0.05,0.4166666666666667,0.5,0.08333333333333333,3.743010946449725,Robot Caught
1750873422,9,0.05,0.5555555555555556,0.4444444444444444,0.0,3.3790657816438356,Robot Caught
2779146365,13,0.05,0.38461538461538464,0.5384615384615384,0.07692307692307693,3.58140765621576,Robot Caught
4038729180,18,0.05,0.2777777777777778,0.3888888888888889,0.3333333333333333,4.839964133680769,Robot Caught
2634995891,11,0.05,0.45454545454545453,0.36363636363636365,0.18181818181818182,4.145531214110786,Robot Caught
962727408,11,0.05,0.45454545454545453,0.5454545454545454,0.0,3.3005171252980956,Robot Caught
2059388039,11,0.05,0.45454545454545453,0.5454545454545454,0.0,3.493885940749553,Robot Caught
1293713768,15,0.05,0.3333333333333333,0.4666666666666667,0.2,4.011899878881838,Robot Caught
2843860077,11,0.05,0.45454545454545453,0.5454545454545454,0.0,3.391898162067403,Robot Caught
1155364412,35,0.05,0.14285714285714285,0.7428571428571429,0.11428571428571428,3.388953251377283,Robot Caught
1290855629,13,0.05,0.38461538461538464,0.38461538461538464,0.23076923076923078,4.257038605036592,Robot Caught
3775390153,18,0.05,0.2777777777777778,0.7222222222222222,0.0,2.9442937421481954,Robot Caught
380252964,13,0.05,0.38461538461538464,0.38461538461538464,0.23076923076923078,4.239550817705576,Robot Caught
1470123357,10,0.05,0.5,0.5,0.0,3.5051409756920435,Robot Caught
2288521751,9,0.05,0.5555555555555556,0.4444444444444444,0.0,3.462035913188256,Robot Caught
3233166009,29,0.05,0.1724137931034483,0.6896551724137931,0.13793103448275862,3.4105622832591,Robot Caught
3766373300,13,0.05,0.38461538461538464,0.3076923076923077,0.3076923076923077,4.563514964469289,Robot Caught
3854760832,13,0.05,0.38461538461538464,0.38461538461538464,0.23076923076923078,4.20300535516492,Robot Caught
2204208277,28,0.05,0.17857142857142858,0.8214285714285714,0.0,2.77335105096847,Robot Caught
2157909667,16,0.05,0.3125,0.3125,0.375,4.803762495284236,Robot Caught
2782422095,11,0.05,0.45454545454545453,0.5454545454545454,0.0,3.143734124306995,Robot Caught
1446596072,52,0.05,0.09615384615384616,0.8461538461538461,0.057692307692307696,2.9235444559375128,Robot Caught
3044103062,11,0.05,0.45454545454545453,0.5454545454545454,0.0,3.603163989187038,Robot Caught
160692802,24,0.05,0.20833333333333334,0.2916666666666667,0.5,5.83483275448864,Robot Caught
781605445,16,0.05,0.3125,0.5,0.1875,3.9772949702198686,Robot Caught
3646982280,24,0.05,0.20833333333333334,0.625,0.16666666666666666,3.7276847528977144,Robot Caught
1984330305,9,0.04,0.4444444444444444,0.5555555555555556,0.0,3.2160653994741235,Robot Caught
3866399032,9,0.04,0.4444444444444444,0.5555555555555556,0.0,3.165627211432324,Robot Caught
1790747248,13,0.04,0.3076923076923077,0.38461538461538464,0.3076923076923077,4.549416653825973,Robot Caught
2507710462,17,0.04,0.23529411764705882,0.4117647058823529,0.35294117647058826,4.718424928640116,Robot Caught
1368101265,14,0.04,0.2857142857142857,0.35714285714285715,0.35714285714285715,4.861384561240519,Robot Caught
1697132939,15,0.04,0.26666666666666666,0.7333333333333333,0.0,3.0689389398572855,Robot Caught
3554828531,11,0.04,0.36363636363636365,0.45454545454545453,0.18181818181818182,3.868435042392453,Robot Caught
91318801,12,0.04,0.3333333333333333,0.5,0.16666666666666666,3.817294616227171,Robot Caught
2739848142,12,0.04,0.3333333333333333,0.3333333333333333,0.3333333333333333,4.83819158782688,Robot Caught
276477061,7,0.04,0.5714285714285714,0.42857142857142855,0.0,3.5435571192142987,Robot Caught
2209984805,11,0.04,0.36363636363636365,0.5454545454545454,0.09090909090909091,3.547590090216919,Robot Caught
317540919,11,0.04,0.36363636363636365,0.36363636363636365,0.2727272727272727,4.42680604720148,Robot Caught
4060624238,14,0.04,0.2857142857142857,0.35714285714285715,0.35714285714285715,4.6655702323585455,Robot Caught
2325110520,10,0.04,0.4,0.4,0.2,4.083689940556837,Robot Caught
1558976254,11,0.04,0.36363636363636365,0.36363636363636365,0.2727272727272727,4.43403510640723,Robot Caught
1320836971,12,0.04,0.3333333333333333,0.6666666666666666,0.0,3.1610920513707366,Robot Caught
2630889231,10,0.04,0.4,0.6,0.0,3.451318158746271,Robot Caught
1012840756,9,0.04,0.4444444444444444,0.5555555555555556,0.0,3.4557262424675614,Robot Caught
820345786,35,0.04,0.11428571428571428,0.8857142857142857,0.0,2.6412997606354223,Robot Caught
3862150457,11,0.04,0.36363636363636365,0.6363636363636364,0.0,3.126762371588737,Robot Caught
512640956,8,0.04,0.5,0.5,0.0,3.388218191570906,Robot Caught
61832177,13,0.04,0.3076923076923077,0.38461538461538464,0.3076923076923077,4.537947830484357,Robot Caught
2107052663,55,0.04,0.07272727272727272,0.8,0.12727272727272726,3.4878276846203056,Robot Caught
877334533,38,0.04,0.10526315789473684,0.868421052631579,0.02631578947368421,2.971335517212588,Robot Caught
709809781,11,0.04,0.36363636363636365,0.6363636363636364,0.0,2.899316082490849,Robot Caught
1726323395,8,0.04,0.5,0.5,0.0,3.2081516752640216,Robot Caught
1345709953,18,0.04,0.2222222222222222,0.4444444444444444,0.3333333333333333,5.114390875383233,Robot Caught
2267872815,14,0.04,0.2857142857142857,0.6428571428571429,0.07142857142857142,3.224171476490567,Robot Caught
2509710610,10,0.04,0.4,0.6,0.0,3.281623684892016,Robot Caught
3890512408,14,0.04,0.2857142857142857,0.42857142857142855,0.2857142857142857,4.174182134664936,Robot Caught
4112242648,9,0.04,0.4444444444444444,0.5555555555555556,0.0,3.222036051476519,Robot Caught
1345657558,12,0.04,0.3333333333333333,0.3333333333333333,0.3333333333333333,4.681227045490712,Robot Caught
216565517,15,0.04,0.26666666666666666,0.3333333333333333,0.4,4.890725221099407,Robot Caught
1939943348,12,0.04,0.3333333333333333,0.3333333333333333,0.3333333333333333,4.6354129118540515,Robot Caught
1906456819,13,0.04,0.3076923076923077,0.6153846153846154,0.07692307692307693,3.4344435165219696,Robot Caught
2514351410,10,0.04,0.4,0.6,0.0,3.2663263383371386,Robot Caught
3591534804,17,0.04,0.23529411764705882,0.6470588235294118,0.11764705882352941,3.6056359312889406,Robot Caught
2480150984,9,0.03,0.3333333333333333,0.5555555555555556,0.1111111111111111,3.473678399404515,Robot Caught
87121623,20,0.03,0.15,0.55,0.3,4.747562985436775,Robot Caught
669090771,15,0.03,0.2,0.8,0.0,3.0246102385216833,Robot Caught
2643064081,7,0.03,0.42857142857142855,0.5714285714285714,0.0,3.2739754081815304,Robot Caught
2663453029,8,0.03,0.375,0.625,0.0,3.1228116087278615,Robot Caught
75090083,9,0.03,0.3333333333333333,0.6666666666666666,0.0,2.9945611421495766,Robot Caught
3334045138,9,0.03,0.3333333333333333,0.6666666666666666,0.0,3.099618334536318,Robot Caught
2755650276,19,0.03,0.15789473684210525,0.8421052631578947,0.0,2.663900467397098,Robot Caught
129244340,9,0.03,0.3333333333333333,0.6666666666666666,0.0,3.0471504097428466,Robot Caught
1744116201,9,0.03,0.3333333333333333,0.5555555555555556,0.1111111111111111,3.6529074369596475,Robot Caught
3583584274,9,0.03,0.3333333333333333,0.6666666666666666,0.0,2.95426591390455,Robot Caught
864037235,15,0.03,0.2,0.8,0.0,2.941701135607421,Robot Caught
3460713524,9,0.03,0.3333333333333333,0.6666666666666666,0.0,3.0187265069152267,Robot Caught
3269583059,8,0.03,0.375,0.625,0.0,3.1933869982757246,Robot Caught
3178503048,8,0.03,0.375,0.625,0.0,3.058543194746831,Robot Caught
2684447528,9,0.02,0.2222222222222222,0.7777777777777778,0.0,2.8151517423954973,Robot Caught
1912768143,15,0.02,0.13333333333333333,0.8666666666666667,0.0,2.7755629910927513,Robot Caught
2380436146,7,0.02,0.2857142857142857,0.7142857142857143,0.0,2.9688509977136914,Robot Caught
12698605,37,0.02,0.05405405405405406,0.9459459459459459,0.0,2.882223427671399,Robot Caught
1436908897,7,0.02,0.2857142857142857,0.7142857142857143,0.0,3.051848128143018,Robot Caught
3191038784,7,0.02,0.2857142857142857,0.7142857142857143,0.0,2.9887424040241517,Robot Caught
987204845,8,0.02,0.25,0.75,0.0,3.1073192693629883,Robot Caught
2773454171,11,0.01,0.09090909090909091,0.9090909090909091,0.0,2.83739621154838,Robot Caught
4277262481,6,0.01,0.16666666666666666,0.8333333333333334,0.0,2.6957064964821136,Robot Caught
551008192,14,0.01,0.07142857142857142,0.9285714285714286,0.0,2.8533733525665417,Robot Caught
3509780460,5,0.0,0.0,1.0,0.0,2.4483223307357083,Robot Caught
3169928524,4,0.0,0.0,1.0,0.0,2.610119258409471,Robot Caught
3227982352,32,0.0,0.0,1.0,0.0,2.6590492103512067,Robot Caught
3887704411,5,0.0,0.0,1.0,0.0,2.3982008273148216,Robot Caught
108442615,8,0.0,0.0,1.0,0.0,2.598102568803715,Robot Caught
2098396079,14,0.0,0.0,1.0,0.0,2.8236412449642763,Robot Caught
3369397886,5,0.0,0.0,1.0,0.0,2.6361163416205726,Robot Caught
1206531013,21,0.0,0.0,1.0,0.0,2.5563163673608864,Robot Caught
172805307,3,0.0,0.0,1.0,0.0,2.1440388961119448,Robot Caught
1955028721,7,0.0,0.0,1.0,0.0,2.746148775176207,Robot Caught
