step,t_wall_s,t_task_s,control_dt_s,control_loop_hz_inst,policy_dt_s,policy_loop_hz_inst,policy_deadline_overrun_s,policy_deadline_overrun,servo_dt_s,servo_loop_hz_inst,servo_target_age_s,servo_interpolation_phase,servo_command_sequence,servo_policy_step,servo_commanded_world_x,servo_commanded_world_y,servo_commanded_world_z,servo_target_world_x,servo_target_world_y,servo_target_world_z,servo_tracking_error_cm,servo_target_error_cm,servo_deadline_overrun_s,servo_deadline_overrun_count,servo_watchdog_stopped,servo_stop_reason,vision_frame_available,vision_frame_id,vision_age_s,camera_dt_s,camera_hz_inst,hand_detected,microrobot_detected,dead_reckoning_used,dead_reckoning_age_s,hand_x_cm,hand_y_cm,robot_x_cm,robot_y_cm,microrobot_x_cm,microrobot_y_cm,distance_cm,in_zpd,virtual_hand_stride_cm,virtual_hand_smoothing_alpha,virtual_hand_delay_frames,virtual_hand_action_x,virtual_hand_action_y,virtual_hand_action_norm,virtual_hand_command_dx_cm,virtual_hand_command_dy_cm,virtual_hand_command_norm_cm,virtual_hand_delayed_dx_cm,virtual_hand_delayed_dy_cm,virtual_hand_delayed_norm_cm,virtual_hand_smoothed_dx_cm,virtual_hand_smoothed_dy_cm,virtual_hand_smoothed_norm_cm,virtual_hand_exec_dx_cm,virtual_hand_exec_dy_cm,virtual_hand_exec_norm_cm,virtual_hand_actual_dx_cm,virtual_hand_actual_dy_cm,virtual_hand_actual_norm_cm,virtual_hand_accel_clipped,virtual_hand_workspace_clipped,virtual_hand_policy_inference_ms,policy_inference_ms,action_x,action_y,action_norm,last_action_x,last_action_y,virtual_target_x_px,virtual_target_y_px,desired_target_x_px,desired_target_y_px,target_clipped,target_step_limited,robot_world_x,robot_world_y,robot_world_z,safety_stop,safety_reason,task_finished,done_reason
0,1787664011.1558573,3.0081719160079956e-07,,,,,3.0081719160079956e-07,False,,,,0.0,0,-1,-0.22712690443131142,-0.5227338367430017,0.113,-0.22712690443131142,-0.5227338367430017,0.113,0.0004677748360451539,0.0004677748360451539,0.0,0,False,,False,,,,,False,False,False,,8.547410011291504,0.6242566108703613,7.499031066894531,5.000431060791016,,,4.5,True,0.257484538,0.718815816679,3,-1.0,1.0,1.4142135381698608,-0.2574845254421234,0.2574845254421234,0.364138126373291,0.0,0.0,0.0,0.0,0.0,0.0,0.0,0.0,0.0,0.0,0.0,0.0,False,False,2.5070998817682266,0.989200547337532,0.0,0.0,0.0,0.0,0.0,767.9007568359375,524.045166015625,767.9007568359375,524.045166015625,False,False,-0.22712690443131142,-0.5227338367430017,0.11299532225163955,False,,False,caught
1,1787664011.2138908,0.05751900002360344,0.05751869920641184,17.385650471882126,0.05751869920641184,17.385650471882126,0.007519000209867954,True,0.008039799518883228,124.38121095573108,0.04753089975565672,0.9506179951131344,1,0,-0.2274326182439324,-0.5224756015271395,0.113,-0.22744849924036467,-0.5224621869139539,0.113,0.033861129424956636,0.03593566147460949,0.003617897629737854,4,False,,True,1,0.02685689926147461,,,False,False,False,,8.547410011291504,0.6242566108703613,7.497724533081055,5.000415325164795,,,4.500289440155029,True,0.257484538,0.718815816679,3,-1.0,1.0,1.4142135381698608,-0.2574845254421234,0.2574845254421234,0.364138126373291,0.0,0.0,0.0,0.0,0.0,0.0,0.0,0.0,0.0,0.0,0.0,0.0,False,False,1.723400317132473,1.1603999882936478,0.0,0.0,0.0,0.0,0.0,767.7669677734375,524.0435180664062,767.7669677734375,524.0435180664062,False,False,-0.22717609331027389,-0.5226954985483857,0.11297768706536818,False,,False,caught
2,1787664011.260062,0.10373490024358034,0.0462159002199769,21.637574844160415,0.0462159002199769,21.637574844160415,0.003734900616109371,True,0.008114899508655071,123.23011504128111,0.037985799834132195,0.7597159966826439,2,1,-0.22744849924036467,-0.5224621869139539,0.113,-0.22744849924036467,-0.5224621869139539,0.113,0.027733841705561518,0.027733841705561518,0.004216695204377174,10,False,,True,2,0.013671400025486946,0.03203570004552603,31.215175525395015,False,False,False,,8.547410011291504,0.6242566108703613,7.49605131149292,4.999950408935547,,,4.500227928161621,True,0.257484538,0.718815816679,3,-1.0,-0.341503381729126,1.0567046403884888,-0.2574845254421234,-0.08793183416128159,0.2720851004123688,0.0,0.0,0.0,0.0,0.0,0.0,0.0,0.0,0.0,0.0,0.0,0.0,False,False,1.5163002535700798,0.9272005409002304,0.0,0.0,0.0,0.0,0.0,767.5956420898438,523.9948120117188,767.5956420898438,523.9948120117188,False,False,-0.2272260052981025,-0.5226277328579098,0.11299724615336315,False,,False,caught
3,1787664011.321999,0.1646302007138729,0.06089530047029257,16.421628471770894,0.06089530047029257,16.421628471770894,0.014630201272666454,True,0.008041099645197392,124.3611003623438,0.04845559969544411,0.9691119939088821,3,2,-0.2271763597174856,-0.5220728708632546,0.113,-0.22716768595501732,-0.5220604623938301,0.113,0.044249145453239616,0.04565681938732248,0.00457199290394783,17,False,,True,3,0.013328200206160545,0.059404199942946434,16.83382658061938,False,False,False,,8.547410011291504,0.6242566108703613,7.4936604499816895,4.998619079589844,,,4.499492645263672,True,0.257484538,0.718815816679,3,0.3043801784515381,1.0,1.0452977418899536,0.07837318629026413,0.2574845254421234,0.26914799213409424,-0.2574845254421234,0.2574845254421234,0.364138126373291,-0.18508394062519073,0.18508394062519073,0.26174822449684143,-0.18508394062519073,0.18508394062519073,0.26174822449684143,-0.18508434295654297,0.18508392572402954,0.2617484927177429,False,False,1.5128003433346748,1.0398998856544495,0.0,0.0,0.0,0.0,0.0,767.350830078125,523.8552856445312,767.350830078125,523.8552856445312,False,False,-0.22727766361532592,-0.5225027890020144,0.11297341802148349,False,,False,caught
4,1787664011.3681962,0.2108295001089573,0.04619929939508438,21.645349888279913,0.04619929939508438,21.645349888279913,0.01082950085401535,True,0.008065300062298775,123.98794741369854,0.03500580042600632,0.7001160085201263,4,3,-0.22716768595501732,-0.5220604623938301,0.113,-0.22716768595501732,-0.5220604623938301,0.113,0.022708452241395744,0.022708452241395744,0.004916790872812271,23,False,,False,,,,,False,False,False,,8.362325668334961,0.8093405365943909,7.491393089294434,4.9946465492248535,,,4.27496337890625,True,0.257484538,0.718815816679,3,-1.0,1.0,1.4142135381698608,-0.2574845254421234,0.2574845254421234,0.364138126373291,-0.2574845254421234,0.2574845254421234,0.364138126373291,-0.23712673783302307,0.23712661862373352,0.3353477716445923,-0.23712673783302307,0.23712661862373352,0.3353477716445923,-0.23712635040283203,0.2371266484260559,0.3353475034236908,False,False,2.060599625110626,1.8894001841545105,0.0,0.5,0.5,0.0,0.0,767.1185913085938,554.8789672851562,767.1185913085938,554.8789672851562,False,False,-0.22724692858819578,-0.5222702104252238,0.11296403128118249,False,,False,caught
5,1787664011.4128394,0.2564698001369834,0.045640300028026104,21.910460697802932,0.045640300028026104,21.910460697802932,0.006469801068305969,True,0.008034099824726582,124.46945168919808,0.03865270037204027,0.7730540074408054,5,4,-0.23175106907361182,-0.5286173365872382,0.113,-0.2358511031887544,-0.5344827436863322,0.113,0.7414377316851077,1.4570712457597812,0.006128088571131229,29,False,,True,4,0.03523659985512495,0.06123069953173399,16.331676881818584,False,False,False,,8.125199317932129,1.0464671850204468,7.490312099456787,5.001856803894043,,,4.006019115447998,True,0.257484538,0.718815816679,3,-1.0,1.0,1.4142135381698608,-0.2574845254421234,0.2574845254421234,0.364138126373291,-0.2574845254421234,-0.08793183416128159,0.2720851004123688,-0.2517601251602173,0.0034694746136665344,0.2517840266227722,-0.2517601251602173,0.0034694671630859375,0.2517840266227722,-0.25176000595092773,0.0034694671630859375,0.25178390741348267,False,False,1.5898998826742172,0.8894996717572212,-0.5,1.0,1.1180340051651,0.0,0.5,736.2879638671875,587.0745849609375,736.2879638671875,587.0745849609375,False,False,-0.22750018639442063,-0.5225425781664095,0.11298274969685168,False,,False,caught
6,1787664011.4590666,0.30272340029478073,0.04625360015779734,21.61993869857549,0.04625360015779734,21.61993869857549,0.0027234014123678207,True,0.008042399771511555,124.34099627107342,0.0337338000535965,0.6746760010719299,6,5,-0.23838225797372578,-0.5313880364895371,0.113,-0.25645115944251606,-0.5389377390071908,0.113,1.1287499762315656,3.0687826315691655,0.006431686691939831,34,False,,True,5,0.007664799690246582,0.07021230086684227,14.242518585119457,False,False,False,,7.873439311981201,1.0499366521835327,7.488315105438232,5.0572638511657715,,,4.025790691375732,True,0.257484538,0.718815816679,3,-1.0,1.0,1.4142135381698608,-0.2574845254421234,0.2574845254421234,0.364138126373291,0.07837318629026413,0.2574845254421234,0.26914799213409424,-0.014455046504735947,0.18605950474739075,0.18662016093730927,-0.014455050230026245,0.18605950474739075,0.18662016093730927,-0.014454841613769531,0.18605947494506836,0.18662013113498688,False,False,1.5492001548409462,0.9204000234603882,-1.0,1.0,1.4142135381698608,-0.5,1.0,705.3634643554688,592.8812255859375,705.3634643554688,592.8812255859375,False,False,-0.22920563033179467,-0.5248163428952416,0.11309999654152382,False,,False,caught
7,1787664011.5199797,0.36362350080162287,0.060900100506842136,16.42033414850686,0.060900100506842136,16.42033414850686,0.013623502105474472,True,0.008506600745022297,117.55576992198179,0.052225599996745586,1.0,7,6,-0.2510581786746997,-0.532098668711478,0.113,-0.26920300977450085,-0.5322506149238525,0.113,1.5623101500590666,3.3576049303528017,0.007285283878445625,42,False,,True,6,0.004718100652098656,0.07354339957237244,13.597413307171394,False,False,False,,7.858984470367432,1.235996127128601,7.420485973358154,5.195014953613281,,,3.9832286834716797,True,0.257484538,0.718815816679,3,0.7744659185409546,1.0,1.2648310661315918,0.1994129866361618,0.2574845254421234,0.3256744146347046,-0.2574845254421234,0.2574845254421234,0.364138126373291,-0.189148411154747,0.23740091919898987,0.3035396635532379,-0.189148411154747,0.23740091919898987,0.3035396635532379,-0.1891484260559082,0.23740088939666748,0.3035396337509155,False,False,1.5139998868107796,0.9906003251671791,-1.0,1.0,1.4142135381698608,-1.0,1.0,698.4177856445312,607.3175659179688,698.4177856445312,607.3175659179688,False,False,-0.2358206796597377,-0.5286497146135201,0.11306811678918355,False,,False,caught
8,1787664011.566187,0.4098022999241948,0.046178799122571945,21.65495896386802,0.046178799122571945,21.65495896386802,0.009802301414310932,True,0.008062499575316906,124.03101428513177,0.03961789980530739,0.7923579961061478,8,7,-0.26053397650182075,-0.5335159631154135,0.113,-0.2758820279075286,-0.5362518027543107,0.113,1.762768747763896,3.3217360740735917,0.007602880708873272,48,False,,False,,,,,False,False,False,,7.669836044311523,1.4733970165252686,7.312659740447998,5.3080034255981445,,,3.8512051105499268,True,0.257484538,0.718815816679,3,-0.8176287412643433,1.0,1.2917107343673706,-0.2105267494916916,0.2574845254421234,0.332595556974411,-0.2574845254421234,0.2574845254421234,0.364138126373291,-0.23826949298381805,0.2518373131752014,0.3466906249523163,-0.23826949298381805,0.2518373131752014,0.3466906249523163,-0.23826932907104492,0.25183725357055664,0.34669044613838196,False,False,1.9346000626683235,0.9566005319356918,-1.0,1.0,1.4142135381698608,-1.0,1.0,687.3763427734375,619.1587524414062,687.3763427734375,619.1587524414062,False,False,-0.24320507082231183,-0.5302847214720877,0.11305891691123947,False,,False,caught
9,1787664011.6118777,0.45550910010933876,0.04570680018514395,21.87858252928039,0.04570680018514395,21.87858252928039,0.005509101785719395,True,0.008034199476242065,124.46790784285359,0.03459789976477623,0.6919579952955246,9,8,-0.2678741473201689,-0.5349491613875988,0.113,-0.28317989318526315,-0.5379376706568281,0.113,1.8236142652899703,3.3830386029212707,0.007914179004728794,53,False,,True,7,0.030520900152623653,0.06385149993002415,15.661339218278593,False,False,False,,7.4315667152404785,1.7252342700958252,7.212385177612305,5.409224033355713,,,3.6905040740966797,True,0.257484538,0.718815816679,3,-1.0,1.0,1.4142135381698608,-0.2574845254421234,0.2574845254421234,0.364138126373291,-0.2574845254421234,0.2574845254421234,0.364138126373291,-0.2520815134048462,0.25589659810066223,0.3592049181461334,-0.2520815134048462,0.25589659810066223,0.3592049181461334,-0.25208139419555664,0.25589656829833984,0.35920479893684387,False,False,1.5119994059205055,0.9449003264307976,-1.0,1.0,1.4142135381698608,-1.0,1.0,677.1082763671875,629.7666625976562,677.1082763671875,629.7666625976562,False,False,-0.24994098069221748,-0.5316398034134477,0.11308113784542431,False,,False,caught
10,1787664011.6580708,0.501727600581944,0.04621850047260523,21.63635751429718,0.04621850047260523,21.63635751429718,0.001727602444589138,True,0.008103599771857262,123.40194828881712,0.036478799767792225,0.7295759953558445,10,9,-0.27730164940995294,-0.536760801805754,0.113,-0.2895485699261447,-0.5391066771597823,0.113,1.9097283698039171,3.156644016309542,0.008290876634418964,59,False,,True,8,6.250012665987015e-05,0.06639149971306324,15.062169168069557,False,False,False,,7.179485321044922,1.981130838394165,7.084316730499268,5.5382399559021,,,3.558382034301758,True,0.257484538,0.718815816679,3,-0.0884142518043518,1.0,1.0039008855819702,-0.022765301167964935,0.2574845254421234,0.2584889531135559,0.1994129866361618,0.2574845254421234,0.3256744146347046,0.07245990633964539,0.2570379972457886,0.26705610752105713,0.07245990633964539,0.2570379972457886,0.26705610752105713,0.07245969772338867,0.257037878036499,0.2670559585094452,False,False,1.6060005873441696,0.9214002639055252,0.5,1.0,1.1180340051651,-1.0,1.0,756.154052734375,643.2875366210938,756.154052734375,643.2875366210938,False,False,-0.25851071636527395,-0.5333544870272722,0.11306402799137853,False,,False,caught
11,1787664011.7190452,0.5626687007024884,0.060941100120544434,16.4092869676122,0.060941100120544434,16.4092869676122,0.012668702751398087,True,0.008109000511467457,123.31976038055936,0.055062100291252136,1.0,11,10,-0.27400287784040467,-0.5471474957034013,0.113,-0.26455778089620735,-0.5667073200534412,0.113,1.187552159354142,3.0327448677508864,0.009148973971605301,67,False,,False,,,,,False,False,False,,7.2519450187683105,2.238168716430664,6.95032262802124,5.709070205688477,,,3.4839823246002197,False,0.257484538,0.718815816679,3,-0.5095953345298767,1.0,1.122357964515686,-0.13121291995048523,0.2574845254421234,0.2889898121356964,-0.2105267494916916,0.2574845254421234,0.332595556974411,-0.13095542788505554,0.25735893845558167,0.28876104950904846,-0.13095542788505554,0.25735893845558167,0.28876104950904846,-0.13095521926879883,0.25735902786254883,0.28876104950904846,False,False,2.526800148189068,0.9162994101643562,-1.0,1.0,1.4142135381698608,0.5,1.0,650.2730712890625,661.1905517578125,650.2730712890625,661.1905517578125,False,False,-0.26847977531966266,-0.5366345684040305,0.11295863259512855,False,,False,caught
12,1787664011.7662594,0.6083565000444651,0.04568779934197664,21.88768149052057,0.04568779934197664,21.88768149052057,0.008356502279639244,True,0.008133499883115292,122.94830200661173,0.03542339988052845,0.708467997610569,12,11,-0.2819733362046217,-0.5464606234705339,0.113,-0.30801404142314365,-0.5442165069440388,0.113,1.2260132746911687,3.6851246869366103,0.01023127231746912,72,False,,True,10,0.014945299364626408,0.06408520042896271,15.60422676852641,False,False,False,,7.120989799499512,2.495527744293213,6.944211483001709,5.801520824432373,,,3.310716152191162,False,0.257484538,0.718815816679,3,0.5628531575202942,1.0,1.147520661354065,0.14492598176002502,0.2574845254421234,0.295468807220459,-0.2574845254421234,0.2574845254421234,0.364138126373291,-0.22190648317337036,0.2574492394924164,0.3398861587047577,-0.22190648317337036,0.2574492394924164,0.3398861587047577,-0.2219066619873047,0.2574491500854492,0.33988621830940247,False,False,2.271699719130993,1.5599997714161873,-1.0,1.0,1.4142135381698608,-1.0,1.0,649.6472778320312,670.87939453125,649.6472778320312,670.87939453125,False,False,-0.271371068894197,-0.5403041067659371,0.11299078500051507,False,,False,caught
13,1787664011.809894,0.6535370005294681,0.045180500485002995,22.13344228738536,0.045180500485002995,22.13344228738536,0.0035370029509067535,True,0.008038599975407124,124.39977148500338,0.03689020033925772,0.7378040067851543,13,12,-0.29156025707312283,-0.546661895519651,0.113,-0.3108003478332108,-0.5474770748701882,0.113,1.6107595946911888,3.523186091487697,0.010762469843029976,78,False,,True,11,0.022345700301229954,0.02796159964054823,35.763333030126795,False,False,False,,6.899083137512207,2.752976894378662,6.901362895965576,5.900837421417236,,,3.1478612422943115,False,0.257484538,0.718815816679,3,1.0,1.0,1.4142135381698608,0.2574845254421234,0.2574845254421234,0.364138126373291,-0.022765301167964935,0.2574845254421234,0.2584889531135559,-0.07876070588827133,0.2574745714664459,0.2692515552043915,-0.07876071333885193,0.2574745714664459,0.2692515552043915,-0.07876062393188477,0.2574746608734131,0.26925161480903625,False,False,1.7433995380997658,0.9367996826767921,1.0,1.0,1.4142135381698608,-1.0,1.0,768.1395874023438,681.2877197265625,768.1395874023438,681.2877197265625,False,False,-0.2758289913514858,-0.543201426365307,0.11291586192268888,False,,False,caught
14,1787664011.8705876,0.7142177000641823,0.06068069953471422,16.47970454638414,0.06068069953471422,16.47970454638414,0.01421770267188549,True,0.008031200617551804,124.51438428951059,0.04904300067573786,0.9808600135147572,14,13,-0.2866708472889563,-0.5556012857942347,0.113,-0.2705964692917144,-0.5849903418729173,0.113,1.0008260195328904,4.087197355490752,0.011173367500305176,85,False,,True,12,0.005569899454712868,0.037478900514543056,26.681679192055455,False,False,False,,6.820322513580322,3.010451555252075,6.805469989776611,6.0383830070495605,,,3.027967929840088,False,0.257484538,0.718815816679,3,1.0,1.0,1.4142135381698608,0.2574845254421234,0.2574845254421234,0.364138126373291,-0.13121291995048523,0.2574845254421234,0.2889898121356964,-0.11646416783332825,0.25748175382614136,0.2825964391231537,-0.11646416783332825,0.25748175382614136,0.2825964391231537,-0.11646413803100586,0.25748181343078613,0.28259649872779846,False,False,1.5759002417325974,0.91559998691082,1.0,1.0,1.4142135381698608,1.0,1.0,758.3201293945312,695.7025146484375,758.3201293945312,695.7025146484375,False,False,-0.28335138552773254,-0.5461595522855046,0.11298931808533619,False,,False,caught
15,1787664011.9153166,0.7599456999450922,0.04572799988090992,21.86843952511184,0.04572799988090992,21.86843952511184,0.009945702739059925,True,0.008067999966442585,123.94645564691655,0.03700629994273186,0.7401259988546371,15,14,-0.2839202523179306,-0.5647554186603816,0.113,-0.27806008688878825,-0.587661529330528,0.113,1.4946229893517395,3.843454645359915,0.01148106437176466,91,False,,False,,,,,False,False,False,,6.703858375549316,3.2679333686828613,6.82279634475708,6.115439414978027,,,2.8499889373779297,False,0.257484538,0.718815816679,3,1.0,1.0,1.4142135381698608,0.2574845254421234,0.2574845254421234,0.364138126373291,0.14492598176002502,0.2574845254421234,0.295468807220459,0.07142721116542816,0.25748375058174133,0.2672072649002075,0.07142721116542816,0.25748375058174133,0.2672072649002075,0.0714273452758789,0.25748372077941895,0.2672072947025299,False,False,1.745699904859066,0.9518004953861237,1.0,1.0,1.4142135381698608,1.0,1.0,760.0943603515625,703.7780151367188,760.0943603515625,703.7780151367188,False,False,-0.2849072484882054,-0.5498418173000018,0.11298899757234775,False,,False,caught
16,1787664011.9619844,0.805604699999094,0.04565900005400181,21.901487085071512,0.04565900005400181,21.901487085071512,0.005604702979326248,True,0.008077099919319153,123.80681308747428,0.040549999102950096,0.8109999820590019,16,15,-0.28258620118831795,-0.572802441173562,0.113,-0.27951244056573726,-0.5913434253839761,0.113,1.6932837772717542,3.5721028500161234,0.011835562065243721,97,False,,True,13,0.031695399433374405,0.07745639979839325,12.910489031285236,False,False,False,,6.775285720825195,3.5254170894622803,6.900326251983643,6.211116313934326,,,2.688608407974243,False,0.257484538,0.718815816679,3,0.1533048152923584,1.0,1.0116829872131348,0.03947361931204796,0.2574845254421234,0.2604927122592926,0.2574845254421234,0.2574845254421234,0.364138126373291,0.20516818761825562,0.2574842870235443,0.3292296230792999,0.20516818761825562,0.2574842870235443,0.3292296230792999,0.2051682472229004,0.25748419761657715,0.32922959327697754,False,False,1.6592005267739296,0.9226994588971138,1.0,1.0,1.4142135381698608,1.0,1.0,768.0333862304688,713.8049926757812,768.0333862304688,713.8049926757812,False,False,-0.28474969282900625,-0.5560084386458601,0.11295783298227785,False,,False,caught
17,1787664012.0076792,0.8513210006058216,0.0457163006067276,21.874035884977978,0.0457163006067276,21.874035884977978,0.0013210037723183632,True,0.00805519986897707,124.1434124870436,0.034263200126588345,0.6852640025317669,17,16,-0.28162064473430004,-0.5801167323505202,0.113,-0.27932851673208253,-0.5974800792095402,0.113,1.7016890767058164,3.4530768432995176,0.012180160731077194,102,False,,True,14,0.012627100571990013,0.06554530002176762,15.256624039677897,False,False,False,,6.980453968048096,3.7829012870788574,7.00285005569458,6.315830230712891,,,2.5330278873443604,False,0.257484538,0.718815816679,3,1.0,1.0,1.4142135381698608,0.2574845254421234,0.2574845254421234,0.364138126373291,0.2574845254421234,0.2574845254421234,0.364138126373291,0.24277400970458984,0.25748443603515625,0.3538890480995178,0.24277400970458984,0.25748443603515625,0.3538890480995178,0.24277400970458984,0.25748443603515625,0.3538890480995178,False,False,1.5430999919772148,0.9111994877457619,-1.0,1.0,1.4142135381698608,1.0,1.0,655.6517944335938,724.7789916992188,655.6517944335938,724.7789916992188,False,False,-0.2839192772795263,-0.5632558639656228,0.1129555353265776,False,,False,caught
18,1787664012.0690465,0.9126903004944324,0.06136929988861084,16.294792376889802,0.06136929988861084,16.294792376889802,0.012690303847193718,True,0.008044600486755371,124.30698101744143,0.05290270037949085,1.0,18,17,-0.2922121754147394,-0.5787398768138533,0.113,-0.32311693382444834,-0.5702615599123697,0.113,1.1065072225269807,3.963857805813641,0.012582657858729362,110,False,,False,,,,,False,False,False,,7.2232279777526855,4.040385723114014,7.115072250366211,6.448014736175537,,,2.4100570678710938,False,0.257484538,0.718815816679,3,1.0,1.0,1.4142135381698608,0.2574845254421234,0.2574845254421234,0.364138126373291,0.2574845254421234,0.2574845254421234,0.364138126373291,0.253348171710968,0.257484495639801,0.36122509837150574,0.253348171710968,0.257484495639801,0.36122509837150574,0.25334835052490234,0.25748443603515625,0.3612251877784729,False,False,2.0579006522893906,0.9527998045086861,-1.0,1.0,1.4142135381698608,-1.0,1.0,667.1434326171875,738.6319580078125,667.1434326171875,738.6319580078125,False,False,-0.2835123394917514,-0.5719025788643195,0.11300591716371923,False,,False,caught
19,1787664012.1157727,0.9590227007865906,0.04633240029215813,21.583168445716215,0.04633240029215813,21.583168445716215,0.00902270432561636,True,0.008049399591982365,124.23286837394106,0.04051349963992834,0.8102699927985668,19,18,-0.3003740681785879,-0.5788195387434626,0.113,-0.3225438230187585,-0.579035920592701,0.113,1.4008008922411717,3.5915254344597627,0.012865055352449417,116,False,,True,15,0.040561200119554996,0.06450019963085651,15.503827983837835,False,False,False,,7.476576328277588,4.29787015914917,7.097699165344238,6.541701793670654,,,2.2755939960479736,False,0.257484538,0.718815816679,3,0.5724472999572754,1.0,1.1522568464279175,0.14739632606506348,0.2574845254421234,0.2966883182525635,0.03947361931204796,0.2574845254421234,0.2604927122592926,0.0996118113398552,0.257484495639801,0.2760811150074005,0.09961181879043579,0.257484495639801,0.2760811150074005,0.09961175918579102,0.25748443603515625,0.27608102560043335,False,False,1.8182005733251572,0.9522996842861176,-1.0,1.0,1.4142135381698608,-1.0,1.0,665.3643798828125,748.4503173828125,665.3643798828125,748.4503173828125,False,False,-0.2868287701238456,-0.5752507189165953,0.11288713006636192,False,,False,caught
20,1787664012.1609154,1.0045603001490235,0.04553759936243296,21.95987522401033,0.04553759936243296,21.95987522401033,0.004560303874313831,True,0.008063300512731075,124.01869413413387,0.033596400171518326,0.6719280034303665,20,19,-0.30742224131331614,-0.5797964320931883,0.113,-0.32592841623534075,-0.5823614314007546,0.113,1.5133113274067116,3.3806320939589836,0.013127753511071205,121,False,,True,16,0.022448400035500526,0.08005350083112717,12.491646081905895,False,False,False,,7.576188087463379,4.555354595184326,7.018519878387451,6.639514446258545,,,2.1574790477752686,False,0.257484538,0.718815816679,3,-0.7881014347076416,1.0,1.2732257843017578,-0.20292392373085022,0.2574845254421234,0.32783591747283936,0.2574845254421234,0.2574845254421234,0.364138126373291,0.21309319138526917,0.257484495639801,0.33422592282295227,0.21309319138526917,0.257484495639801,0.33422592282295227,0.21309328079223633,0.25748443603515625,0.33422595262527466,False,False,1.424100250005722,0.9236996993422508,-1.0,1.0,1.4142135381698608,-1.0,1.0,657.2564697265625,758.7011108398438,657.2564697265625,758.7011108398438,False,False,-0.2925507762005548,-0.5769951414801792,0.11294157340386554,False,,False,caught
21,1787664012.2076485,1.0512971999123693,0.04673689976334572,21.396370000225573,0.04673689976334572,21.396370000225573,0.0012972038239240646,True,0.00804660003632307,124.27609120447279,0.03674810007214546,0.7349620014429092,21,20,-0.3168829816445636,-0.5814197849755065,0.113,-0.33145576240467883,-0.584017034321314,0.113,1.748229989900786,3.228442775001382,0.013638150878250599,127,False,,True,17,0.006147399544715881,0.06336469948291779,15.781657739410342,False,False,False,,7.789281368255615,4.812839031219482,6.911667346954346,6.750277519226074,,,2.1269400119781494,False,0.257484538,0.718815816679,3,-1.0,1.0,1.4142135381698608,-0.2574845254421234,0.2574845254421234,0.364138126373291,0.2574845254421234,0.2574845254421234,0.364138126373291,0.2450024038553238,0.257484495639801,0.3554215133190155,0.2450024038553238,0.257484495639801,0.3554215133190155,0.24500226974487305,0.25748443603515625,0.35542136430740356,False,False,1.421700231730938,1.100899651646614,-1.0,1.0,1.4142135381698608,-1.0,1.0,646.314697265625,770.30908203125,646.314697265625,770.30908203125,False,False,-0.29965070913119074,-0.5784748302500126,0.11291732322879959,False,,False,caught
22,1787664012.267025,1.1106558004394174,0.05935860052704811,16.846758365610842,0.05935860052704811,16.846758365610842,0.01065580453723669,True,0.00805129949003458,124.20355263616023,0.04625099990516901,0.9250199981033802,22,21,-0.32788171264223787,-0.5835326396461497,0.113,-0.33857207281115714,-0.5856110478148138,0.113,1.8790397134170658,2.96801497315349,0.014002048410475254,134,False,,False,,,,,False,False,False,,8.034283638000488,5.070323467254639,6.761227607727051,6.898137092590332,,,2.227459192276001,False,0.257484538,0.718815816679,3,-1.0,1.0,1.4142135381698608,-0.2574845254421234,0.2574845254421234,0.364138126373291,0.14739632606506348,0.2574845254421234,0.2966883182525635,0.17484158277511597,0.257484495639801,0.3112359941005707,0.17484158277511597,0.257484495639801,0.3112359941005707,0.17484188079833984,0.25748443603515625,0.31123611330986023,False,False,1.927499659359455,1.008700579404831,-1.0,1.0,1.4142135381698608,-1.0,1.0,630.9097290039062,785.8047485351562,630.9097290039062,785.8047485351562,False,False,-0.3093854184511339,-0.5802213099971323,0.1129650484403768,False,,False,caught
23,1787664012.3137288,1.1563036004081368,0.04564779996871948,21.90686080567427,0.04564779996871948,21.90686080567427,0.006303604692220688,True,0.008038300089538097,124.40441248287145,0.036037799902260303,0.7207559980452061,23,22,-0.3372070490550139,-0.585132818551665,0.113,-0.34824039704073534,-0.5869750800595569,0.113,1.9447401271425393,3.0633451665058398,0.014284546487033367,140,False,,True,18,0.030996600165963173,0.06303879991173744,15.863246149992237,False,False,False,,8.209125518798828,5.327807903289795,6.630046844482422,7.033199787139893,,,2.324188232421875,False,0.257484538,0.718815816679,3,-1.0,1.0,1.4142135381698608,-0.2574845254421234,0.2574845254421234,0.364138126373291,-0.20292392373085022,0.2574845254421234,0.32783591747283936,-0.09670214354991913,0.257484495639801,0.27504467964172363,-0.09670215845108032,0.257484495639801,0.27504467964172363,-0.09670257568359375,0.25748443603515625,0.2750447690486908,False,False,1.637900248169899,1.182999461889267,-1.0,1.0,1.4142135381698608,-1.0,1.0,617.476806640625,799.9593505859375,617.476806640625,799.9593505859375,False,False,-0.31801557504056427,-0.5819883607491732,0.11296643673302466,False,,False,caught
24,1787664012.357926,1.2015693001449108,0.04526569973677397,22.091782648122802,0.04526569973677397,22.091782648122802,0.0015693046152591705,True,0.008058900013566017,124.08641356967348,0.037813699804246426,0.7562739960849285,24,23,-0.3466440585654936,-0.5868924406531228,0.113,-0.35654474903949074,-0.5887772653497586,0.113,1.9815701391166192,2.9891644824717156,0.01474694348871708,146,False,,True,19,0.01240609958767891,0.08044110052287579,12.431455978348042,False,False,False,,8.112422943115234,5.585292339324951,6.490290641784668,7.173702239990234,,,2.2703213691711426,False,0.257484538,0.718815816679,3,-1.0,1.0,1.4142135381698608,-0.2574845254421234,0.2574845254421234,0.364138126373291,-0.2574845254421234,0.2574845254421234,0.364138126373291,-0.2122751772403717,0.257484495639801,0.33370497822761536,-0.2122751772403717,0.257484495639801,0.33370497822761536,-0.21227502822875977,0.25748443603515625,0.3337048292160034,False,False,1.497100107371807,0.9355004876852036,-1.0,1.0,1.4142135381698608,-1.0,1.0,603.165771484375,814.6839599609375,603.165771484375,814.6839599609375,False,False,-0.32708290226955766,-0.5837265586677995,0.11298057720828575,False,,False,caught
25,1787664012.4188855,1.262521500699222,0.060952200554311275,16.406298556997182,0.060952200554311275,16.406298556997182,0.012521505355834961,True,0.008034800179302692,124.45860229056572,0.04939180053770542,0.9878360107541084,25,24,-0.35646456230466267,-0.5888726482926134,0.113,-0.36543688283094017,-0.5906818281597548,0.113,1.9147583607645906,2.8298463254576625,0.015349341556429863,153,False,,True,20,0.010722599923610687,0.06358219962567091,15.727672302740787,False,False,False,,7.900147914886475,5.842776775360107,6.325228691101074,7.334438800811768,,,2.1691994667053223,False,0.257484538,0.718815816679,3,-1.0,1.0,1.4142135381698608,-0.2574845254421234,0.2574845254421234,0.364138126373291,-0.2574845254421234,0.2574845254421234,0.364138126373291,-0.2447723150253296,0.257484495639801,0.3552629351615906,-0.2447723150253296,0.257484495639801,0.3552629351615906,-0.24477243423461914,0.25748443603515625,0.35526296496391296,False,False,1.5527000650763512,0.917600467801094,-1.0,0.5,1.1180340051651,-1.0,1.0,586.263427734375,800.0892333984375,586.263427734375,800.0892333984375,False,False,-0.3376058156444137,-0.5855606620608075,0.11290845975383987,False,,False,caught
26,1787664012.4650035,1.3085918007418513,0.04607030004262924,21.705958048345494,0.04607030004262924,21.705958048345494,0.008591805584728718,True,0.008080399595201015,123.75625589035279,0.03665800020098686,0.7331600040197372,26,25,-0.3637183270693692,-0.5842004134333907,0.113,-0.36780468494906543,-0.5806149113616386,0.113,1.7614104585652317,2.2395430892789907,0.015621938742697239,159,False,,False,,,,,False,False,False,,7.6553754806518555,6.100261211395264,6.1861701011657715,7.465460300445557,,,2.00557541847229,False,0.257484538,0.718815816679,3,-0.8511415719985962,1.0,1.3131800889968872,-0.21915578842163086,0.2574845254421234,0.3381235599517822,-0.2574845254421234,0.2574845254421234,0.364138126373291,-0.2539100646972656,0.257484495639801,0.36161941289901733,-0.2539100646972656,0.257484495639801,0.36161941289901733,-0.2539100646972656,0.25748443603515625,0.36161935329437256,False,False,2.294800244271755,0.9104004129767418,-1.0,1.0,1.4142135381698608,-1.0,0.5,572.0238037109375,845.26025390625,572.0238037109375,845.26025390625,False,False,-0.3463158631368291,-0.5869223624195571,0.11295614629266118,False,,False,caught
27,1787664012.5117302,1.3543497007340193,0.04575789999216795,21.854149778970687,0.04575789999216795,21.854149778970687,0.004349705763161182,True,0.00804510060697794,124.29925352737632,0.03962100017815828,0.7924200035631657,27,26,-0.37190836656068277,-0.5870408780649837,0.113,-0.3844414583794456,-0.5940285616271127,0.113,1.7431131452518553,3.0985487686400948,0.016033437103033066,165,False,,True,21,0.02037240006029606,0.06262539979070425,15.96796193464675,False,False,False,,7.40146541595459,6.35774564743042,6.028286457061768,7.553832530975342,,,1.8210558891296387,False,0.257484538,0.718815816679,3,-1.0,1.0,1.4142135381698608,-0.2574845254421234,0.2574845254421234,0.364138126373291,-0.2574845254421234,0.2574845254421234,0.364138126373291,-0.2564794421195984,0.257484495639801,0.3634280860424042,-0.2564794421195984,0.257484495639801,0.3634280860424042,-0.25647926330566406,0.25748443603515625,0.36342790722846985,False,False,1.675199717283249,0.9624995291233063,-1.0,1.0,1.4142135381698608,-1.0,1.0,555.8565063476562,854.5216674804688,555.8565063476562,854.5216674804688,False,False,-0.354508046554435,-0.5860254933103187,0.11279457070522976,False,,False,caught
28,1787664012.5569441,1.4005409004166722,0.04619119968265295,21.649145440479842,0.04619119968265295,21.649145440479842,0.0005409056320786476,False,0.00806290004402399,124.02485390367374,0.03352149948477745,0.670429989695549,28,27,-0.3785765742424626,-0.5888841353417618,0.113,-0.3927435920109074,-0.5928002489120217,0.113,1.6143935965212934,3.078060495206267,0.016685234382748604,170,False,,True,22,0.003821900114417076,0.08248960040509701,12.122740261670733,False,False,False,,7.144986152648926,6.615230083465576,5.889585018157959,7.664730548858643,,,1.6363017559051514,False,0.257484538,0.718815816679,3,-1.0,1.0,1.4142135381698608,-0.2574845254421234,0.2574845254421234,0.364138126373291,-0.2574845254421234,0.2574845254421234,0.364138126373291,-0.2572018504142761,0.257484495639801,0.36393827199935913,-0.2572018504142761,0.257484495639801,0.36393827199935913,-0.2572016716003418,0.25748443603515625,0.3639380931854248,False,False,1.4573000371456146,0.8960999548435211,-1.0,1.0,1.4142135381698608,-1.0,1.0,541.6535034179688,866.1437377929688,541.6535034179688,866.1437377929688,False,False,-0.36259790662860464,-0.5865810230222883,0.11293274393237845,False,,False,caught
29,1787664012.6128602,1.4615446999669075,0.06100379955023527,16.392421576569543,0.06100379955023527,16.392421576569543,0.011544705368578434,True,0.008045200258493423,124.29771390019619,0.04439270030707121,0.8878540061414242,29,28,-0.3895228755097984,-0.5912397365148646,0.113,-0.40074042301869395,-0.5935410761333348,0.113,1.7331710406717178,2.87804266923225,0.01709373202174902,177,False,,True,23,0.001141599379479885,0.062430599704384804,16.01778622558651,False,False,False,,6.887784481048584,6.872714519500732,5.731595039367676,7.8158159255981445,,,1.492050290107727,False,,,,,,,,,,,,,,,,,,,,,,,,,,,,,,,,,,,,,-0.3724584451009049,-0.5882082149923615,0.11294274879092853,False,,True,caught
