robot_name,robot_path,test_name,test_type,hand_path,episodes,max_steps,reward_mean,reward_std,tis_mean,tis_std,zpd_coverage_mean,zpd_coverage_std,episode_length_mean,episode_length_std,catch_rate,too_close_rate,too_far_rate,avg_distance_mean,avg_distance_std
scripted_only,logs/league_zpd35_55_noid_warm_entropy_10iter_r5m_h1m_gru_noaux/baselines/scripted_only_5m/robot/best_model.zip,scripted_slow,scripted,,50,100,21.72560905532789,43.683903908924584,0.564,0.29711950457686215,0.7256369121998931,0.1883966812467674,71.62,33.62492527872739,0.48,0.15921800568299893,0.11514508211710797,4.423435053825378,0.3105029375802469
scripted_only,logs/league_zpd35_55_noid_warm_entropy_10iter_r5m_h1m_gru_noaux/baselines/scripted_only_5m/robot/best_model.zip,scripted_nominal,scripted,,50,100,56.26225734486706,29.40589918182886,0.7752000000000001,0.21898164306626253,0.8081072681704262,0.12942940289149785,92.94,23.985337187540225,0.08,0.13142080200501252,0.060471929824561406,4.278126482963562,0.17076808556507164
scripted_only,logs/league_zpd35_55_noid_warm_entropy_10iter_r5m_h1m_gru_noaux/baselines/scripted_only_5m/robot/best_model.zip,scripted_fast,scripted,,50,100,-3.8595861220388343,31.929361465455113,0.3702000000000001,0.22071239203995774,0.5219726797844341,0.16756554398202805,70.88,38.66400910407508,0.42,0.42499853501727614,0.05302878519828983,3.7922074937820436,0.3973312681293541
scripted_only,logs/league_zpd35_55_noid_warm_entropy_10iter_r5m_h1m_gru_noaux/baselines/scripted_only_5m/robot/best_model.zip,scripted_spasm,scripted,,50,100,1.1238369278542324,36.802210948960514,0.45439999999999997,0.26563252812861604,0.6315935569507642,0.16625720481194434,65.84,32.42428719339872,0.66,0.1923772127039556,0.17602923034528015,4.519029355049133,0.3618725328761583
scripted_only,logs/league_zpd35_55_noid_warm_entropy_10iter_r5m_h1m_gru_noaux/baselines/scripted_only_5m/robot/best_model.zip,H1,learned,logs/league_zpd35_55_noid_warm_entropy_10iter_r5m_h1m_gru_noaux\iteration_1\hand\hand\best_model.zip,50,100,-30.16101791519665,24.417131391095136,0.1728,0.1855267096673684,0.5745019536878894,0.2359606451288196,27.4,25.5154854941073,0.92,0.3017148669555101,0.1237831793566006,4.223850526809692,0.774583170930341
scripted_only,logs/league_zpd35_55_noid_warm_entropy_10iter_r5m_h1m_gru_noaux/baselines/scripted_only_5m/robot/best_model.zip,H2,learned,logs/league_zpd35_55_noid_warm_entropy_10iter_r5m_h1m_gru_noaux\iteration_2\hand\hand\best_model.zip,50,100,-33.680309087932294,15.879785257397211,0.1618,0.14094949450068986,0.5277659760010959,0.2225340824069279,30.46,27.43516721290395,0.92,0.3576497623099131,0.1145842616889911,4.099798126220703,0.7088593894418819
scripted_only,logs/league_zpd35_55_noid_warm_entropy_10iter_r5m_h1m_gru_noaux/baselines/scripted_only_5m/robot/best_model.zip,H3,learned,logs/league_zpd35_55_noid_warm_entropy_10iter_r5m_h1m_gru_noaux\iteration_3\hand\hand\best_model.zip,50,100,-32.828072403189424,20.539901060797106,0.1664,0.15795898201748454,0.541128369268264,0.23250430501424169,30.24,29.087839383494956,0.88,0.35084049788042604,0.10803113285131001,4.094733171463012,0.683430604241144
scripted_only,logs/league_zpd35_55_noid_warm_entropy_10iter_r5m_h1m_gru_noaux/baselines/scripted_only_5m/robot/best_model.zip,H4,learned,logs/league_zpd35_55_noid_warm_entropy_10iter_r5m_h1m_gru_noaux\iteration_4\hand\hand\best_model.zip,50,100,-32.597169699851925,17.828874550237202,0.16419999999999998,0.1417051869198866,0.5571498983259144,0.2302053770610635,30.82,28.264953564440898,0.9,0.3395887021387311,0.10326139953535445,4.147214708328247,0.6711207072857789
scripted_only,logs/league_zpd35_55_noid_warm_entropy_10iter_r5m_h1m_gru_noaux/baselines/scripted_only_5m/robot/best_model.zip,H5,learned,logs/league_zpd35_55_noid_warm_entropy_10iter_r5m_h1m_gru_noaux\iteration_5\hand\hand\best_model.zip,50,100,-27.39665533913613,23.67883887874018,0.1888,0.1848203452004135,0.5679613897113613,0.22792977760051017,32.02,31.93336186498377,0.84,0.32772339535924533,0.10431521492939347,4.138779630661011,0.7021443275728597
scripted_only,logs/league_zpd35_55_noid_warm_entropy_10iter_r5m_h1m_gru_noaux/baselines/scripted_only_5m/robot/best_model.zip,H6,learned,logs/league_zpd35_55_noid_warm_entropy_10iter_r5m_h1m_gru_noaux\iteration_6\hand\hand\best_model.zip,50,100,-35.336922825907905,11.610177473723322,0.1332,0.10251712052140365,0.5622111352529157,0.23897288355737284,23.14,19.05781729369867,0.96,0.3164251580575997,0.12136370668948464,4.182335734367371,0.7130293144989176
scripted_only,logs/league_zpd35_55_noid_warm_entropy_10iter_r5m_h1m_gru_noaux/baselines/scripted_only_5m/robot/best_model.zip,H7,learned,logs/league_zpd35_55_noid_warm_entropy_10iter_r5m_h1m_gru_noaux\iteration_7\hand\hand\best_model.zip,50,100,-37.02742985571197,7.063770167354274,0.1232,0.08264236201851928,0.5607039035477318,0.23565030898981415,21.0,13.078226179417452,1.0,0.30905913818636255,0.13023695826590562,4.229633803367615,0.7776175238177819
scripted_only,logs/league_zpd35_55_noid_warm_entropy_10iter_r5m_h1m_gru_noaux/baselines/scripted_only_5m/robot/best_model.zip,H8,learned,logs/league_zpd35_55_noid_warm_entropy_10iter_r5m_h1m_gru_noaux\iteration_8\hand\hand\best_model.zip,50,100,-37.88160656132274,7.152287187259477,0.1166,0.07827157849436793,0.5397999252623585,0.2516298062159829,20.88,13.531651783873246,1.0,0.314920111792117,0.14527996294552442,4.248483667373657,0.8188046342332322
scripted_only,logs/league_zpd35_55_noid_warm_entropy_10iter_r5m_h1m_gru_noaux/baselines/scripted_only_5m/robot/best_model.zip,H9,learned,logs/league_zpd35_55_noid_warm_entropy_10iter_r5m_h1m_gru_noaux\iteration_9\hand\hand\best_model.zip,50,100,-37.775668710661776,6.938620124134997,0.117,0.0758485332752058,0.5452328919011644,0.24463470979109417,20.96,14.198535135710303,1.0,0.31651326128510243,0.1382538468137332,4.236390705108643,0.7717401169136161
scripted_only,logs/league_zpd35_55_noid_warm_entropy_10iter_r5m_h1m_gru_noaux/baselines/scripted_only_5m/robot/best_model.zip,H10,learned,logs/league_zpd35_55_noid_warm_entropy_10iter_r5m_h1m_gru_noaux\iteration_10\hand\hand\best_model.zip,50,100,-37.52604332076913,7.228556359642861,0.11780000000000002,0.07566478705448129,0.5561877557481089,0.24754885781132643,20.6,13.206059215375342,1.0,0.3059036485585528,0.1379085956933384,4.239495182037354,0.7629112534481716
single_h10,logs/league_zpd35_55_noid_warm_entropy_10iter_r5m_h1m_gru_noaux/baselines/single_hand_h1_5m/robot/best_model.zip,scripted_slow,scripted,,50,100,54.31989113318559,40.807684344609996,0.753,0.2657762216602531,0.7881794860549424,0.2034455690096305,88.8,28.545402431915377,0.12,0.17574787931948177,0.036072634625575806,4.196268548965454,0.5023963128239796
single_h10,logs/league_zpd35_55_noid_warm_entropy_10iter_r5m_h1m_gru_noaux/baselines/single_hand_h1_5m/robot/best_model.zip,scripted_nominal,scripted,,50,100,-27.89531409829664,13.789199216628456,0.31799999999999995,0.17780888616714294,0.5604011179010692,0.1772212734802591,52.18,27.230637157437208,0.98,0.37956070333577796,0.06003817876315267,3.859713568687439,0.6040235455889991
single_h10,logs/league_zpd35_55_noid_warm_entropy_10iter_r5m_h1m_gru_noaux/baselines/single_hand_h1_5m/robot/best_model.zip,scripted_fast,scripted,,50,100,-43.129023642642636,9.32578361886458,0.10680000000000002,0.08631199221429199,0.40288211008797553,0.21226962985296657,25.06,18.072531643353123,0.98,0.4993427736204439,0.09777511629158055,3.756261081695557,0.7568991575416133
single_h10,logs/league_zpd35_55_noid_warm_entropy_10iter_r5m_h1m_gru_noaux/baselines/single_hand_h1_5m/robot/best_model.zip,scripted_spasm,scripted,,50,100,-4.47714819252261,34.29985631599777,0.4218,0.24013904305630937,0.6623823671189055,0.18243432672318072,59.9,32.187109220928804,0.7,0.282415570996602,0.055202061884492455,4.077719235420227,0.5282855343707963
single_h10,logs/league_zpd35_55_noid_warm_entropy_10iter_r5m_h1m_gru_noaux/baselines/single_hand_h1_5m/robot/best_model.zip,H1,learned,logs/league_zpd35_55_noid_warm_entropy_10iter_r5m_h1m_gru_noaux\iteration_1\hand\hand\best_model.zip,50,100,3.944920231305289,53.22482151214463,0.45000000000000007,0.3360714209807195,0.5597846072729247,0.26026375363680854,68.0,38.505584010634095,0.4,0.40062058567778885,0.03959480704928647,3.7713622140884397,0.5879731235721698
single_h10,logs/league_zpd35_55_noid_warm_entropy_10iter_r5m_h1m_gru_noaux/baselines/single_hand_h1_5m/robot/best_model.zip,H2,learned,logs/league_zpd35_55_noid_warm_entropy_10iter_r5m_h1m_gru_noaux\iteration_2\hand\hand\best_model.zip,50,100,-36.04487603321217,20.9780240781023,0.17020000000000002,0.19518698727118056,0.46147124688296054,0.244634372219363,28.88,24.96048076460067,0.94,0.4627649263913201,0.07576382672571932,3.7259303522109986,0.7389566851393424
single_h10,logs/league_zpd35_55_noid_warm_entropy_10iter_r5m_h1m_gru_noaux/baselines/single_hand_h1_5m/robot/best_model.zip,H3,learned,logs/league_zpd35_55_noid_warm_entropy_10iter_r5m_h1m_gru_noaux\iteration_3\hand\hand\best_model.zip,50,100,-40.43564031286554,15.604193499601253,0.12240000000000001,0.10648117204463894,0.474652379441323,0.2524751689427572,21.36,12.928665824438344,0.92,0.4402950554035882,0.08505256515508881,3.821021671295166,0.767988213886801
single_h10,logs/league_zpd35_55_noid_warm_entropy_10iter_r5m_h1m_gru_noaux/baselines/single_hand_h1_5m/robot/best_model.zip,H4,learned,logs/league_zpd35_55_noid_warm_entropy_10iter_r5m_h1m_gru_noaux\iteration_4\hand\hand\best_model.zip,50,100,-40.44514936092767,15.067622772927297,0.1228,0.10442298597531102,0.4844476210261172,0.26829622338805503,21.12,11.962675286072091,0.92,0.4289049192005195,0.08664745977336324,3.8332347202301027,0.8803351948465904
single_h10,logs/league_zpd35_55_noid_warm_entropy_10iter_r5m_h1m_gru_noaux/baselines/single_hand_h1_5m/robot/best_model.zip,H5,learned,logs/league_zpd35_55_noid_warm_entropy_10iter_r5m_h1m_gru_noaux\iteration_5\hand\hand\best_model.zip,50,100,-40.990905957959065,16.244908710175686,0.12160000000000001,0.10364091856019031,0.4880565325465637,0.2621937636093294,20.72,11.988394387906997,0.9,0.4250610667453633,0.08688240070807293,3.8408745765686034,0.8070769357205836
single_h10,logs/league_zpd35_55_noid_warm_entropy_10iter_r5m_h1m_gru_noaux/baselines/single_hand_h1_5m/robot/best_model.zip,H6,learned,logs/league_zpd35_55_noid_warm_entropy_10iter_r5m_h1m_gru_noaux\iteration_6\hand\hand\best_model.zip,50,100,-39.54430660080342,15.463305677489277,0.13040000000000002,0.11007197645177451,0.4868263099756308,0.26136218194561023,22.3,13.35702062587312,0.94,0.4273134558144121,0.08586023420995709,3.8132487106323243,0.7862530417821761
single_h10,logs/league_zpd35_55_noid_warm_entropy_10iter_r5m_h1m_gru_noaux/baselines/single_hand_h1_5m/robot/best_model.zip,H7,learned,logs/league_zpd35_55_noid_warm_entropy_10iter_r5m_h1m_gru_noaux\iteration_7\hand\hand\best_model.zip,50,100,-41.2201898684837,16.794413964418595,0.1274,0.11497495379429383,0.47416961957880616,0.2648022582657298,22.16,14.067494446417955,0.9,0.44124854044060396,0.08458183998058985,3.8085947036743164,0.8392176632456156
single_h10,logs/league_zpd35_55_noid_warm_entropy_10iter_r5m_h1m_gru_noaux/baselines/single_hand_h1_5m/robot/best_model.zip,H8,learned,logs/league_zpd35_55_noid_warm_entropy_10iter_r5m_h1m_gru_noaux\iteration_8\hand\hand\best_model.zip,50,100,-40.98349487948109,16.78718333071253,0.1276,0.11937436910828052,0.4800515039039434,0.26395019674418824,21.86,14.631486595694916,0.9,0.43475013245552324,0.08519836364053326,3.8194631338119507,0.8083250976681058
single_h10,logs/league_zpd35_55_noid_warm_entropy_10iter_r5m_h1m_gru_noaux/baselines/single_hand_h1_5m/robot/best_model.zip,H9,learned,logs/league_zpd35_55_noid_warm_entropy_10iter_r5m_h1m_gru_noaux\iteration_9\hand\hand\best_model.zip,50,100,-41.20030199429029,15.987169456136058,0.12040000000000001,0.09983907050849382,0.4872986650222235,0.24283774594249435,20.8,11.931470990619722,0.9,0.4173419282391803,0.09535940673859615,3.8658457612991333,0.8330724750285277
single_h10,logs/league_zpd35_55_noid_warm_entropy_10iter_r5m_h1m_gru_noaux/baselines/single_hand_h1_5m/robot/best_model.zip,H10,learned,logs/league_zpd35_55_noid_warm_entropy_10iter_r5m_h1m_gru_noaux\iteration_10\hand\hand\best_model.zip,50,100,-40.08757829663311,16.038423548479642,0.1374,0.13016620145029967,0.4749450903580813,0.24119144598148057,24.12,16.948911469472012,0.92,0.43677523277100827,0.08827967687091044,3.837303876876831,0.7824109312946856
league,logs/league_zpd35_55_noid_warm_entropy_10iter_r5m_h1m_gru_noaux/iteration_10/robot/robot/best_model.zip,scripted_slow,scripted,,50,100,76.27055270856933,26.11322427145343,0.875,0.16800297616411441,0.9007522680575311,0.08903934933817173,96.22,14.963007719038309,0.06,0.040993930772878134,0.05825380116959065,4.616765041351318,0.1599842915352504
league,logs/league_zpd35_55_noid_warm_entropy_10iter_r5m_h1m_gru_noaux/iteration_10/robot/robot/best_model.zip,scripted_nominal,scripted,,50,100,77.50050197963981,7.45507223913827,0.9111999999999998,0.05508684053383349,0.9111999999999998,0.05508684053383349,100.0,0.0,0.0,0.06040000000000001,0.0284,4.367559208869934,0.17411584346884895
league,logs/league_zpd35_55_noid_warm_entropy_10iter_r5m_h1m_gru_noaux/iteration_10/robot/robot/best_model.zip,scripted_fast,scripted,,50,100,17.072603619192602,30.843135399991922,0.49520000000000003,0.22161443996274252,0.5487894736842106,0.17013373426403725,88.16,29.39616301492424,0.14,0.418216081871345,0.032994444444444444,3.739064211845398,0.3436515427949179
league,logs/league_zpd35_55_noid_warm_entropy_10iter_r5m_h1m_gru_noaux/iteration_10/robot/robot/best_model.zip,scripted_spasm,scripted,,50,100,31.557614150953324,35.89817129428005,0.6009999999999999,0.2169078145203625,0.7334385323150069,0.09220585099030011,81.54,27.756231732711843,0.34,0.14654424077139913,0.12001722691359402,4.541989994049072,0.20600830110156995
league,logs/league_zpd35_55_noid_warm_entropy_10iter_r5m_h1m_gru_noaux/iteration_10/robot/robot/best_model.zip,H1,learned,logs/league_zpd35_55_noid_warm_entropy_10iter_r5m_h1m_gru_noaux\iteration_1\hand\hand\best_model.zip,50,100,0.9529307138453056,51.53933412792114,0.39299999999999996,0.3423638415487243,0.634811760481862,0.22427938231823266,54.96,39.83865459575662,0.6,0.29703458407771793,0.06815365544042015,4.09658793926239,0.6555581400489366
league,logs/league_zpd35_55_noid_warm_entropy_10iter_r5m_h1m_gru_noaux/iteration_10/robot/robot/best_model.zip,H2,learned,logs/league_zpd35_55_noid_warm_entropy_10iter_r5m_h1m_gru_noaux\iteration_2\hand\hand\best_model.zip,50,100,-17.194666377468785,37.89840092994504,0.2588,0.2696786235503289,0.5777678741062995,0.21212057606884566,39.46,35.83752781652216,0.76,0.34953016428681954,0.07270196160688096,3.986927433013916,0.6452333612313007
league,logs/league_zpd35_55_noid_warm_entropy_10iter_r5m_h1m_gru_noaux/iteration_10/robot/robot/best_model.zip,H3,learned,logs/league_zpd35_55_noid_warm_entropy_10iter_r5m_h1m_gru_noaux\iteration_3\hand\hand\best_model.zip,50,100,-16.670548491028505,37.254687318570355,0.2522,0.2587221675852303,0.5859201312872758,0.20469388363488106,39.14,36.56337511773222,0.74,0.3441285756503326,0.06995129306239145,3.989751138687134,0.6288240672741583
league,logs/league_zpd35_55_noid_warm_entropy_10iter_r5m_h1m_gru_noaux/iteration_10/robot/robot/best_model.zip,H4,learned,logs/league_zpd35_55_noid_warm_entropy_10iter_r5m_h1m_gru_noaux\iteration_4\hand\hand\best_model.zip,50,100,-16.774492578985818,37.604500584025125,0.2592,0.26545688915528265,0.600630689321808,0.21018183620792075,39.16,36.00686601191501,0.76,0.3296535511815304,0.06971575949666164,4.028430967330933,0.6489825156587061
league,logs/league_zpd35_55_noid_warm_entropy_10iter_r5m_h1m_gru_noaux/iteration_10/robot/robot/best_model.zip,H5,learned,logs/league_zpd35_55_noid_warm_entropy_10iter_r5m_h1m_gru_noaux\iteration_5\hand\hand\best_model.zip,50,100,-14.279620315349163,40.28291450130525,0.2778,0.2855050962767565,0.6061657161082805,0.22806544160412698,40.42,36.70318242332673,0.74,0.3258809534462327,0.06795333044548679,4.020382323265076,0.6593584068956722
league,logs/league_zpd35_55_noid_warm_entropy_10iter_r5m_h1m_gru_noaux/iteration_10/robot/robot/best_model.zip,H6,learned,logs/league_zpd35_55_noid_warm_entropy_10iter_r5m_h1m_gru_noaux\iteration_6\hand\hand\best_model.zip,50,100,-22.666321856560725,32.006897137069174,0.22119999999999998,0.22782133350500783,0.5934513227041384,0.2126290474272237,35.36,33.77262796999961,0.8,0.33467322804888866,0.071875449246973,4.0017787456512455,0.6690157030018973
league,logs/league_zpd35_55_noid_warm_entropy_10iter_r5m_h1m_gru_noaux/iteration_10/robot/robot/best_model.zip,H7,learned,logs/league_zpd35_55_noid_warm_entropy_10iter_r5m_h1m_gru_noaux\iteration_7\hand\hand\best_model.zip,50,100,-27.443998814451085,23.176294794503676,0.1862,0.17859328094864038,0.6059486988760795,0.22345691455789252,29.02,27.502356262691386,0.88,0.3135177692571141,0.0805335318668064,4.102217559814453,0.6803802794632632
league,logs/league_zpd35_55_noid_warm_entropy_10iter_r5m_h1m_gru_noaux/iteration_10/robot/robot/best_model.zip,H8,learned,logs/league_zpd35_55_noid_warm_entropy_10iter_r5m_h1m_gru_noaux\iteration_8\hand\hand\best_model.zip,50,100,-27.508268246945207,22.43371526736889,0.18540000000000004,0.16775231742065444,0.6064452677926362,0.23155385538808795,29.88,28.503080535268463,0.88,0.3191960686487002,0.07435866355866355,4.0723894548416135,0.6496776208828093
league,logs/league_zpd35_55_noid_warm_entropy_10iter_r5m_h1m_gru_noaux/iteration_10/robot/robot/best_model.zip,H9,learned,logs/league_zpd35_55_noid_warm_entropy_10iter_r5m_h1m_gru_noaux\iteration_9\hand\hand\best_model.zip,50,100,-30.374058056515217,19.18019666066951,0.1724,0.14827757753618717,0.6005205384357643,0.2277881000598987,27.96,24.89334047491417,0.92,0.31775366296034796,0.08172579860388784,4.070948958396912,0.6533950360424103
league,logs/league_zpd35_55_noid_warm_entropy_10iter_r5m_h1m_gru_noaux/iteration_10/robot/robot/best_model.zip,H10,learned,logs/league_zpd35_55_noid_warm_entropy_10iter_r5m_h1m_gru_noaux\iteration_10\hand\hand\best_model.zip,50,100,-31.46834503750063,15.540932298764112,0.16579999999999998,0.13495317706523252,0.5958612783996576,0.22490312874346063,27.1,23.624775131204956,0.94,0.3216127537359457,0.08252596786439667,4.105774087905884,0.6853113636820118
